Image;Jaccard Index Axial;Jaccard Index Coronal;Jaccard Index Sagittal;Panoptic Quality Axial;Panoptic Quality Coronal;Panoptic Quality Sagittal;Dice Coefficient Axial;Dice Coefficient Coronal;Dice Coefficient Sagittal
BraTS20_Training_001;0.8994487524032593;0.9199041128158569;0.8242237567901611;0.8222552287290175;0.8370049047588555;0.8210111922895804;0.8929481971254868;0.9176087737463813;0.7980251582236928
BraTS20_Training_002;0.8977991342544556;0.8958739042282104;0.9175734519958496;0.8291921088740174;0.8371605459478154;0.845290400838433;0.8880477507643034;0.8865989596234828;0.9128760437716856
BraTS20_Training_003;0.8582817316055298;0.8696092367172241;0.8202459812164307;0.8449131633176037;0.8437624510511179;0.8381991511171958;0.8361734435633541;0.8516240157480315;0.7838713047111668
BraTS20_Training_004;0.7571418881416321;0.875918984413147;0.8423303365707397;0.8280754218078421;0.8295006519366606;0.8300796332556954;0.6875161540449729;0.8631290095301665;0.8213772683298642
BraTS20_Training_005;0.7206122875213623;0.7252703905105591;0.0;0.8214818805240508;0.8136373065175067;0.0;0.6242212069067822;0.636098981077147;0.0
BraTS20_Training_006;0.8714994788169861;0.0;0.9009594917297363;0.8158917188634646;0.0;0.8196507504908306;0.8575776697227274;0.0;0.8972703468560566
BraTS20_Training_007;0.8542348146438599;0.0;0.8105672001838684;0.817750966123985;0.0;0.8144462750483383;0.832137030995106;0.0;0.7728732773805823
BraTS20_Training_008;0.7228798866271973;0.7838833332061768;0.7730022668838501;0.8125590802374066;0.8111325759441129;0.8096288552707327;0.6187771466755764;0.7269089696565522;0.7078215901745314
BraTS20_Training_009;0.7947748899459839;0.0;0.0;0.8072034246513144;0.0;0.0;0.7595099383139137;0.0;0.0
BraTS20_Training_010;0.8105144500732422;0.9124040603637695;0.7568204402923584;0.8064716569875766;0.809017061541104;0.806788695439773;0.7691021967526266;0.9056187521544296;0.6850791512293701
BraTS20_Training_011;0.7679014801979065;0.8345998525619507;0.7614362239837646;0.8039592088407327;0.8037054600461604;0.801712080681894;0.703133589884552;0.806815691431076;0.696090242032636
BraTS20_Training_012;0.8372378349304199;0.8382860422134399;0.8238784074783325;0.801604124624246;0.8013462190657362;0.8005488905015308;0.8083878414774913;0.8105042343252272;0.7906139682979165
BraTS20_Training_013;0.8704122304916382;0.0;0.0;0.8017350330024692;0.0;0.0;0.8542076771653543;0.0;0.0
BraTS20_Training_014;0.6807804107666016;0.8403180837631226;0.7503031492233276;0.7953943021883876;0.7954247490386007;0.7929769984440738;0.5543373105449855;0.8175400488732012;0.6847593918834024
BraTS20_Training_015;0.80620276927948;0.7410334348678589;0.7367202043533325;0.7929531767223084;0.7906692962565389;0.7877191745264531;0.765730206640353;0.6615477431031646;0.6581349918271339
BraTS20_Training_016;0.7831109762191772;0.0;0.7978675365447998;0.7858615454139564;0.0;0.7845644267131038;0.734031372854307;0.0;0.7610820876222004
BraTS20_Training_017;0.8197306394577026;0.7852900624275208;0.7727304100990295;0.7848043446619373;0.7807045891345789;0.7783573457265397;0.7856942653736196;0.7344905175184828;0.7165822121265071
BraTS20_Training_018;0.7318593263626099;0.7737886905670166;0.6649014949798584;0.7774267080869873;0.7765303040966678;0.7756775137474778;0.6357366771159875;0.7107664233576643;0.5030425963488844
BraTS20_Training_019;0.8401036262512207;0.8582852482795715;0.0;0.7764097874503744;0.7775773012684222;0.0;0.8138522755533449;0.8398631975410191;0.0
BraTS20_Training_021;0.6245028376579285;0.0;0.0;0.7762379687296492;0.0;0.0;0.4067734216823118;0.0;0.0
BraTS20_Training_022;0.8201012015342712;0.0;0.7622098326683044;0.7758117696189082;0.0;0.7755948991299138;0.7869726128793486;0.0;0.7042227320642401
BraTS20_Training_023;0.8763611316680908;0.8368011713027954;0.8397876620292664;0.7765942667658681;0.776561329257502;0.7772753840952035;0.8616331608931963;0.8111004617931515;0.8159563429537681
BraTS20_Training_024;0.7054285407066345;0.7067613005638123;0.6749016642570496;0.7746965389412133;0.7733262809946786;0.7705305816641349;0.6006455777921239;0.6088024300394235;0.5549768068620592
BraTS20_Training_025;0.9393981695175171;0.7603064775466919;0.8961871266365051;0.7727164773457924;0.7700043216107713;0.7730310581019525;0.9369253583786455;0.7043574612827582;0.8905901526848516
BraTS20_Training_026;0.6702197194099426;0.7109896540641785;0.6555401682853699;0.7712492753888076;0.7680049584481965;0.7644611070509277;0.5341097528055223;0.6191134935731166;0.5159334721526662
BraTS20_Training_027;0.8372936248779297;0.7988737225532532;0.846554696559906;0.7651483186328547;0.7650133610634999;0.7660714345793471;0.8112804443811423;0.7604214383875401;0.8278832768628687
BraTS20_Training_028;0.0;0.8561816811561584;0.0;0.0;0.7671603668134208;0.0;0.0;0.8363562257998777;0.0
BraTS20_Training_029;0.8668814897537231;0.9116275906562805;0.8512585163116455;0.7677613467186755;0.7687445774494935;0.7692756147460174;0.8482899110110432;0.9047491279849745;0.828039430449069
BraTS20_Training_031;0.6898197531700134;0.6263499855995178;0.0;0.7676042525402755;0.7643832219246494;0.0;0.568991660348749;0.4472215331183329;0.0
BraTS20_Training_032;0.6263833045959473;0.0;0.0;0.761458843208954;0.0;0.0;0.45215132506148614;0.0;0.0
BraTS20_Training_033;0.8753693103790283;0.9315785765647888;0.8409641981124878;0.7621615319809542;0.7643710972857864;0.7652438786891138;0.8604841244891543;0.9293409658006752;0.8177876598110061
BraTS20_Training_034;0.866805911064148;0.0;0.0;0.7656513234862632;0.0;0.0;0.8514254809549563;0.0;0.0
BraTS20_Training_035;0.0;0.7035884857177734;0.0;0.0;0.7634176010207343;0.0;0.0;0.6124286591327679;0.0
BraTS20_Training_036;0.8382576704025269;0.8286808133125305;0.0;0.7634900668767979;0.7637590756207004;0.0;0.8093412338794005;0.7972846103849209;0.0
BraTS20_Training_037;0.8337036967277527;0.8344587683677673;0.7915933728218079;0.7636447669087478;0.7623807503187463;0.7621736666193245;0.807655281296931;0.8103228216542664;0.7470733210104744
BraTS20_Training_038;0.0;0.0;0.6338326930999756;0.0;0.0;0.7593490204700246;0.0;0.0;0.47596322548950803
BraTS20_Training_039;0.7851701974868774;0.8401077389717102;0.7720739841461182;0.7592397433336795;0.7598791159396676;0.7601189823818825;0.7342019543973941;0.8174908696081334;0.7153010594072683
BraTS20_Training_040;0.8634265065193176;0.8917306661605835;0.8149660229682922;0.7612646134246679;0.7627727325840159;0.762841735100913;0.8493919550982226;0.884089579232938;0.7880885549669713
BraTS20_Training_041;0.9167724847793579;0.8221305012702942;0.690900981426239;0.764176494902119;0.7642880461040569;0.7624100093423241;0.9117886178861788;0.7956285253827559;0.5775048570635581
BraTS20_Training_042;0.8656790256500244;0.5843104720115662;0.8879875540733337;0.7628499840888001;0.7578315365112882;0.7592405215463777;0.8500287301283279;0.3487430505197003;0.8803753665689149
BraTS20_Training_043;0.0;0.790499210357666;0.0;0.0;0.759264276501634;0.0;0.0;0.7406610740661074;0.0
BraTS20_Training_044;0.0;0.6309272050857544;0.5637984275817871;0.0;0.7584578069131758;0.7569997291894759;0.0;0.4222309505106049;0.2382347197812927
BraTS20_Training_045;0.0;0.8026183843612671;0.7787783145904541;0.0;0.75697339610248;0.7569668959351841;0.0;0.7712556044546375;0.7414286431404046
BraTS20_Training_047;0.0;0.8558297157287598;0.7073584794998169;0.0;0.7568115115737155;0.7551631312094003;0.0;0.8454142241245619;0.6169677119741891
BraTS20_Training_048;0.7042165994644165;0.8526479601860046;0.6478569507598877;0.7546931369941583;0.7549002473084154;0.7540622298191487;0.5836154366960055;0.8290513833992095;0.463960231980116
BraTS20_Training_049;0.8719500303268433;0.8891271352767944;0.8397968411445618;0.7544286703847156;0.7551399937027161;0.75552410371171;0.8548563911422934;0.8774277082434182;0.8128847530422334
BraTS20_Training_050;0.8862130045890808;0.6064255237579346;0.8805263042449951;0.7564923936771755;0.7525881763869717;0.7542647661742847;0.877426988651643;0.4114984956893282;0.8744144911395723
BraTS20_Training_051;0.8431961536407471;0.7264758348464966;0.8638620376586914;0.7548951112351991;0.7541641414637756;0.7546394346098908;0.8183669906302741;0.6357630477868311;0.8478736420599904
BraTS20_Training_052;0.8816214203834534;0.8159987330436707;0.877374529838562;0.7552506611152757;0.7549658925451913;0.7557388916204124;0.8683728278041074;0.7820452302278676;0.8649548616249815
BraTS20_Training_053;0.9161136150360107;0.7984123826026917;0.7998696565628052;0.7565130363330941;0.7564721478809604;0.7565226984406774;0.9102406464078693;0.7572198317633834;0.7584332671900612
BraTS20_Training_054;0.7195693254470825;0.7579785585403442;0.6641151905059814;0.7559716963402504;0.7561648389036912;0.754546401431617;0.6280651795601961;0.6992069697308165;0.5399397803754871
BraTS20_Training_055;0.806239128112793;0.8715001344680786;0.7664070725440979;0.7547022707098223;0.7552897054611409;0.7550526633454036;0.7648825778263244;0.8569099412193761;0.7050762690672668
BraTS20_Training_056;0.7013851404190063;0.0;0.713456928730011;0.7523164854978216;0.0;0.7518868903087425;0.5992021700973352;0.0;0.6325102282403273
BraTS20_Training_057;0.816512942314148;0.8591289520263672;0.8821254968643188;0.7521199294380394;0.752264873627714;0.7531634651329844;0.7784797228449154;0.8408115838398283;0.8697731153939985
BraTS20_Training_059;0.758525013923645;0.8304415345191956;0.748991847038269;0.7531467819549246;0.7532989781085498;0.7531176747114072;0.6834848929304781;0.7972396996143698;0.6680161943319838
BraTS20_Training_060;0.6229634284973145;0.0;0.8338689804077148;0.752096671580299;0.0;0.7524577864221224;0.4217665278222792;0.0;0.8107917761464908
BraTS20_Training_061;0.8876103758811951;0.747798502445221;0.8337414264678955;0.7528521083043271;0.752041821221891;0.7525005883995368;0.8753383219232607;0.6803213108458412;0.8062928288775215
BraTS20_Training_062;0.9141805171966553;0.9155757427215576;0.8951550722122192;0.7533057781968118;0.7543786418459081;0.7553123346909245;0.9097207578998102;0.9126829900246146;0.8889905319489548
BraTS20_Training_063;0.7155592441558838;0.0;0.0;0.7550079452871366;0.0;0.0;0.6055363321799307;0.0;0.0
BraTS20_Training_064;0.7742229700088501;0.0;0.0;0.7548081642838089;0.0;0.0;0.7274660868743206;0.0;0.0
BraTS20_Training_065;0.9268897771835327;0.915852427482605;0.8864680528640747;0.7552050068195689;0.7556753735439838;0.756018646040951;0.9217610768367919;0.9090909090909091;0.8730895196506551
BraTS20_Training_066;0.7666756510734558;0.7524952292442322;0.592730700969696;0.7560731283399464;0.7559287739883318;0.7543143971104768;0.704366093226594;0.6834157423493251;0.3468494595307145
BraTS20_Training_067;0.7411291599273682;0.7132179737091064;0.818548321723938;0.7537690407799373;0.7525015813519569;0.7528531513840174;0.6655088852988691;0.6320086645005415;0.7928266438941076
BraTS20_Training_068;0.8531243801116943;0.7699407339096069;0.8078454732894897;0.7530120095556297;0.75269495763397;0.7528835591331969;0.8344266236219391;0.7174354511169132;0.7743782630662999
BraTS20_Training_069;0.8175274729728699;0.7032525539398193;0.7871856689453125;0.7528006447953355;0.7521025553591402;0.751637657407065;0.7867241104196585;0.6016287297243175;0.7442602755067756
BraTS20_Training_070;0.5463991165161133;0.0;0.0;0.7504148401132775;0.0;0.0;0.21727195945945946;0.0;0.0
BraTS20_Training_071;0.6636719703674316;0.758181095123291;0.6082020998001099;0.7495906519770807;0.7495501933484277;0.748079395164998;0.5091380250954719;0.693045038735939;0.39698377637291493
BraTS20_Training_072;0.7934032678604126;0.7213622331619263;0.8318623900413513;0.7482426077068617;0.7475719161351013;0.7479017905325673;0.7507219835176445;0.6459820687365101;0.8114426454556466
BraTS20_Training_073;0.87419193983078;0.7795122265815735;0.8359795808792114;0.7483356324994128;0.7483278979675917;0.7486118134242526;0.8595458368376787;0.7264119363014682;0.809785052612645
BraTS20_Training_075;0.6559591293334961;0.0;0.529340386390686;0.7480594802859697;0.0;0.7458903675743098;0.5209573736271557;0.0;0.23838145747397368
BraTS20_Training_076;0.0;0.0;0.7082475423812866;0.0;0.0;0.7456262570049806;0.0;0.0;0.6074238051942918
BraTS20_Training_077;0.9109911918640137;0.904166579246521;0.8885415196418762;0.7460196566427937;0.7466755626614009;0.7472997971097125;0.9035633739287325;0.8965719882468168;0.8772193626742236
BraTS20_Training_078;0.82813560962677;0.8427293300628662;0.8602124452590942;0.7474880380794463;0.7477467619572133;0.7480499476228186;0.79505220154335;0.8165025632679632;0.8407889648059816
BraTS20_Training_080;0.8475385904312134;0.8049498796463013;0.7423830628395081;0.7482515950625944;0.7482332863652887;0.7479221875037302;0.8233443212466287;0.7629304431334888;0.6620027983210074
BraTS20_Training_081;0.690385639667511;0.7053413987159729;0.8670892119407654;0.7471608018115209;0.7463291347109688;0.7467619241730334;0.5627053449795657;0.5984090576350592;0.8512285279408567
BraTS20_Training_082;0.7774635553359985;0.7942588329315186;0.7082052230834961;0.7468768792509348;0.7470137689415484;0.7467364334583821;0.7186147186147186;0.7466960352422908;0.5997482276552044
BraTS20_Training_083;0.7696801424026489;0.8018407821655273;0.8833706378936768;0.7464992023391752;0.7464643127821031;0.7468214646974614;0.7096529695197877;0.7581525542337298;0.8708232862555977
BraTS20_Training_084;0.8901751637458801;0.866079568862915;0.8486689329147339;0.7474115028370241;0.7477876195688569;0.7480259246688501;0.8802764749444582;0.8505694587285263;0.829436122274997
BraTS20_Training_085;0.9019696712493896;0.7850043773651123;0.7858201265335083;0.7482811270380543;0.7482344865478467;0.7482366855761517;0.8923502072603944;0.7321365216774285;0.7335283465663741
BraTS20_Training_086;0.49797362089157104;0.0;0.0;0.7479472856730984;0.0;0.0;0.0;0.0;0.0
BraTS20_Training_088;0.8279381990432739;0.7631257772445679;0.8156683444976807;0.7480279145624635;0.7480687082887143;0.7482688099114729;0.7958449860167799;0.7005273383291701;0.7804902551737994
BraTS20_Training_089;0.7613904476165771;0.8452008962631226;0.0;0.748113787244654;0.7485158797614152;0.0;0.6951697521558222;0.8242243238758918;0.0
BraTS20_Training_090;0.8856770992279053;0.8568740487098694;0.8731052875518799;0.7487778341655409;0.7491121526561642;0.7495648989905513;0.8739084132055378;0.8401022955611034;0.858944118025475
BraTS20_Training_091;0.7881168127059937;0.7976935505867004;0.8098715543746948;0.749506518939853;0.7496313011905653;0.7497461927790441;0.7406248642071872;0.7578135302650666;0.7749307721967121
BraTS20_Training_092;0.0;0.7209423780441284;0.0;0.0;0.7488538653239707;0.0;0.0;0.6449310352066845;0.0
BraTS20_Training_093;0.8420426249504089;0.8446749448776245;0.8904130458831787;0.7491969388456758;0.7496367843586564;0.7502822956140556;0.8181047937569677;0.8236180739866968;0.8828394037654275
BraTS20_Training_094;0.848876416683197;0.8491175770759583;0.8953388929367065;0.750388917029587;0.7505558314591029;0.7507835481038956;0.8226442135435328;0.823263975933818;0.8836334318731524
BraTS20_Training_095;0.5595733523368835;0.0;0.0;0.7499729847941956;0.0;0.0;0.2644513070331869;0.0;0.0
BraTS20_Training_096;0.0;0.0;0.8028197288513184;0.0;0.0;0.7501855067030576;0.0;0.0;0.7678104487966274
BraTS20_Training_097;0.0;0.8200063705444336;0.8960666060447693;0.0;0.7502978735212449;0.751143430481971;0.0;0.7921321543919098;0.8945177230457959
BraTS20_Training_098;0.6838337182998657;0.8800314664840698;0.8315666913986206;0.7508914674677245;0.751437765514408;0.7516670313785225;0.5568646309208944;0.869580119965724;0.8072657311000453
BraTS20_Training_099;0.7785298824310303;0.822100043296814;0.8296489119529724;0.7517660236205161;0.7517610886216696;0.7518407947805972;0.7171604248183343;0.7846944603083952;0.7966302098728939
BraTS20_Training_101;0.8243526220321655;0.7081394195556641;0.774941086769104;0.7519507020151949;0.7516108977017997;0.7514688513365029;0.7932235743259365;0.6044568245125348;0.7245807523795135
BraTS20_Training_102;0.7286601066589355;0.6250870823860168;0.6419715285301208;0.7513499830064336;0.7497679449261017;0.7487949405803316;0.6367244927962364;0.42071288240246985;0.4658295484905156
BraTS20_Training_103;0.8113138675689697;0.833224892616272;0.803443968296051;0.7487902384821905;0.749108044255638;0.7492273234666258;0.7766941010115659;0.810595690747782;0.772589745686483
BraTS20_Training_104;0.8855333924293518;0.8604316115379333;0.804653525352478;0.7496982740619295;0.7500806134167034;0.7500913936297013;0.8766619594468573;0.8475648592416458;0.776177315738419
BraTS20_Training_105;0.9414373636245728;0.8740640878677368;0.8351465463638306;0.7504954602128218;0.7508347607024484;0.7509885903441433;0.9384453781512605;0.8582738280037255;0.8064924114671164
BraTS20_Training_106;0.6591300368309021;0.0;0.6539031267166138;0.7505487084639211;0.0;0.7491550766863188;0.5144952367898019;0.0;0.5319060630166361
BraTS20_Training_107;0.7337600588798523;0.908369779586792;0.7935800552368164;0.7490611891298762;0.7495123568452224;0.7494465823525964;0.6463957695519065;0.9012255040379511;0.7465590887517798
BraTS20_Training_108;0.7807879447937012;0.7282789945602417;0.6823468208312988;0.749367946549018;0.7490976201000135;0.7487180579957925;0.7262548748270222;0.6395146399366922;0.5537941034316095
BraTS20_Training_109;0.9332305788993835;0.8270728588104248;0.7964515686035156;0.7492860258105395;0.7493664873541985;0.7493812875226848;0.9302733006306938;0.8019212094170757;0.7603098277944904
BraTS20_Training_110;0.7333574295043945;0.7412441968917847;0.6313928365707397;0.7492043049175356;0.7490116395224713;0.7485756792028038;0.6419810769769887;0.6549795980051383;0.4296907216494845
BraTS20_Training_111;0.6481446623802185;0.0;0.769057035446167;0.7478935416991156;0.0;0.747893726152216;0.48366659177712873;0.0;0.7144198698228684
BraTS20_Training_112;0.8696988821029663;0.8197227716445923;0.8130366206169128;0.7482830309687156;0.7478851575709977;0.7478409029326255;0.8584503995810661;0.7960531338270097;0.7876566737521074
BraTS20_Training_113;0.7616893649101257;0.7372936606407166;0.7511236071586609;0.7478064225876406;0.7475787739590847;0.7474974468774339;0.6915020233277791;0.6528779425772214;0.6750133191262653
BraTS20_Training_114;0.9137865900993347;0.875741720199585;0.7234607934951782;0.7479529426636744;0.7483407455279125;0.7479894170575823;0.9090618302786041;0.8673699361754512;0.647101351046044
BraTS20_Training_115;0.9137292504310608;0.8909887671470642;0.8704489469528198;0.7483613715642393;0.7487731594580848;0.7491069835409873;0.9073802541544477;0.8811344125058728;0.8557869328642147
BraTS20_Training_116;0.8865390419960022;0.8674341440200806;0.0;0.7495677083691668;0.7499665095108666;0.0;0.8770946278955151;0.8540286506992809;0.0
BraTS20_Training_117;0.889419674873352;0.9026517868041992;0.8514484167098999;0.7502310595070355;0.7505921675790881;0.750820101741058;0.8777849881029635;0.8947446482424483;0.8299110922946655
BraTS20_Training_118;0.8409175872802734;0.9265335202217102;0.8046318888664246;0.750914386406347;0.751390001429689;0.7514898588668439;0.8136342699216951;0.9221947244522243;0.7632424711343888
BraTS20_Training_119;0.8625762462615967;0.9222097396850586;0.8044438362121582;0.7516238767681833;0.7519161664737133;0.7519158182754021;0.8424307289808538;0.9170503745447048;0.7621476325039631
BraTS20_Training_120;0.8968404531478882;0.8826600313186646;0.7717098593711853;0.7523404291450358;0.7527956426593714;0.7525380051863693;0.8895030980439801;0.8752380952380953;0.7255133349067736
BraTS20_Training_121;0.9276296496391296;0.8797539472579956;0.9484543800354004;0.7529984366711624;0.7534057760191581;0.754058225963739;0.9241036269430052;0.8690602523287349;0.9477774409568165
BraTS20_Training_122;0.8764951229095459;0.8241530656814575;0.9280204772949219;0.7542609587628188;0.7543385508006097;0.7546874127779157;0.860676936916676;0.79031859718449;0.9234876929495203
BraTS20_Training_123;0.8567798733711243;0.8094621300697327;0.8988741636276245;0.7549944328922262;0.7551823600051002;0.7556613912974322;0.8385946274093186;0.7753865572735879;0.8937626182127297
BraTS20_Training_124;0.8677396774291992;0.8017159104347229;0.8862982988357544;0.7560625543010879;0.7562263952688768;0.756776189999794;0.8564629529475392;0.7709838907610496;0.8818413075599019
BraTS20_Training_125;0.8221374750137329;0.797094464302063;0.6065280437469482;0.7568523426750544;0.7569797586819644;0.7560052938375722;0.7908674248854184;0.7571465528392187;0.40968097966048245
BraTS20_Training_126;0.7082802653312683;0.8277248740196228;0.7441433668136597;0.75578343600256;0.7559512382094118;0.7558537210363844;0.5999206978588422;0.8001810206781313;0.6717881782584374
BraTS20_Training_127;0.8222717046737671;0.7780701518058777;0.8108788132667542;0.7559013249249722;0.7558108397571084;0.7558390362429573;0.7867072111207646;0.7205455828172768;0.7701019252548131
BraTS20_Training_129;0.6559885740280151;0.0;0.6363565921783447;0.7556594367191427;0.0;0.7552434808890058;0.4875641149714507;0.0;0.4506202290076336
BraTS20_Training_130;0.7129695415496826;0.8390538096427917;0.712471067905426;0.754879315233099;0.7551011909866391;0.754526402330475;0.6163335415365396;0.8230899135151732;0.6312380874305741
BraTS20_Training_131;0.8415067195892334;0.678721010684967;0.6316362023353577;0.7545572626727407;0.7543621452378462;0.7540283736527046;0.8145146767513056;0.541805164919458;0.439354565782317
BraTS20_Training_132;0.8711233735084534;0.7989858388900757;0.8086824417114258;0.7542382291682452;0.7542077002019298;0.7541321444303896;0.8561621893734841;0.7588212067913421;0.7729325481411901
BraTS20_Training_134;0.7735669016838074;0.0;0.0;0.7540135062036186;0.0;0.0;0.7204481792717087;0.0;0.0
BraTS20_Training_136;0.5606287121772766;0.6794306039810181;0.0;0.7533286272434934;0.7531181708920831;0.0;0.2628664965577006;0.5477352596641937;0.0
BraTS20_Training_137;0.9141249060630798;0.8551763296127319;0.8599673509597778;0.7535407379880332;0.7537183167533454;0.7538990760387603;0.9104170284551837;0.8399002493765586;0.8474672162615425
BraTS20_Training_138;0.6797671318054199;0.6788871884346008;0.7075182199478149;0.753541178561999;0.7530782990734981;0.7527348333683124;0.566811175337187;0.5653796469068466;0.6278851766037602
BraTS20_Training_139;0.7558579444885254;0.7572309970855713;0.8270135521888733;0.7526491118868133;0.752609933071583;0.752783875923051;0.6810897435897436;0.686883135459877;0.794390972452705
BraTS20_Training_140;0.8990969657897949;0.8348917961120605;0.8494085669517517;0.7531131172124731;0.7532489499721347;0.7535539785445992;0.8912310613399466;0.8130089399108499;0.8338995691083858
BraTS20_Training_142;0.7812332510948181;0.7329616546630859;0.6973401308059692;0.7535773260435759;0.75348727251718;0.7532511120563022;0.7240632445310808;0.6445545997958886;0.5777070984530865
BraTS20_Training_143;0.8899858593940735;0.8764276504516602;0.0;0.7535705394141252;0.7540759649742834;0.0;0.8851551022475894;0.8734055326382862;0.0
BraTS20_Training_144;0.6460831761360168;0.868719220161438;0.7509182691574097;0.7532336522827876;0.7533166713294144;0.75305593888616;0.49284330451377845;0.8601697747476773;0.6959512996424775
BraTS20_Training_145;0.9138551354408264;0.8574180603027344;0.8711920976638794;0.7534641161792348;0.7536864544803683;0.7539078247955895;0.908896551724138;0.8405310351383036;0.8590160381447768
BraTS20_Training_146;0.8643409609794617;0.8536721467971802;0.8604981899261475;0.7541459643229851;0.7543477775178693;0.7546240033187528;0.8481872815114497;0.8357374061154583;0.8459266169154229
BraTS20_Training_150;0.6801676750183105;0.7522785067558289;0.7127526998519897;0.7540342916192888;0.7539150680011024;0.7535674827147213;0.5711793820726948;0.690267928589167;0.6283754430090317
BraTS20_Training_151;0.8593534231185913;0.0;0.0;0.753839247925012;0.0;0.0;0.8432660292635245;0.0;0.0
BraTS20_Training_152;0.9233934879302979;0.6639898419380188;0.6721090078353882;0.7541924147515275;0.7535666358928774;0.7530314147945053;0.919822955029226;0.5259898973439792;0.5540757014050987
BraTS20_Training_153;0.9095982313156128;0.8503994345664978;0.8499488830566406;0.7532488110220554;0.7534198003484842;0.7535811653064635;0.9018656716417911;0.8284392814886522;0.8279309619027573
BraTS20_Training_154;0.7260757684707642;0.6109781861305237;0.9599316120147705;0.7526508144063244;0.7512067623311769;0.7519491297525716;0.6452049156229788;0.46419033746054866;0.9612842577192856
BraTS20_Training_155;0.6613656282424927;0.6282290816307068;0.7779601812362671;0.7516359234364115;0.7509946566868025;0.7508627558171008;0.5078666519969194;0.45121875194813293;0.73486833626874
BraTS20_Training_156;0.9138133525848389;0.7706394195556641;0.8562085628509521;0.7511940800665879;0.7511884844204779;0.7514542076563446;0.9087977567472836;0.7197112535689274;0.8432751016005701
BraTS20_Training_157;0.5606173276901245;0.0;0.0;0.7506886703059312;0.0;0.0;0.28319498724201414;0.0;0.0
BraTS20_Training_161;0.9308867454528809;0.8367706537246704;0.8833058476448059;0.7510430299309914;0.7511502663117471;0.7513981243927985;0.9274788902291918;0.8105806085269484;0.8725214456475883
BraTS20_Training_162;0.8352081775665283;0.762233316898346;0.7079571485519409;0.7513735060618303;0.7511516956827071;0.7508114952900999;0.8099743960814872;0.7099212455870372;0.617496139092313
BraTS20_Training_163;0.8787055015563965;0.0;0.6312891244888306;0.7510907014001178;0.0;0.7502515693391091;0.8694864595598225;0.0;0.4774616171954964
BraTS20_Training_164;0.7667593359947205;0.0;0.0;0.7502756460633808;0.0;0.0;0.7121364686370906;0.0;0.0
BraTS20_Training_165;0.0;0.6637098789215088;0.7213802933692932;0.0;0.7495796498071079;0.7492341703969783;0.0;0.5376921312227575;0.6424945953567065
BraTS20_Training_166;0.8816789388656616;0.7184784412384033;0.6599582433700562;0.7493865865180839;0.7491871743290021;0.7485762133959794;0.8718744048104916;0.6378333178481836;0.5479722102987233
BraTS20_Training_167;0.7314985990524292;0.0;0.0;0.7483925780376006;0.0;0.0;0.6456741057780495;0.0;0.0
BraTS20_Training_168;0.8274097442626953;0.5183373093605042;0.0;0.7484949083053796;0.7474384131694689;0.0;0.8051770269429407;0.19502766113443978;0.0
BraTS20_Training_169;0.8890585899353027;0.8068550825119019;0.8555046319961548;0.7477651844806198;0.747754118804218;0.7478964098010844;0.8793603051755126;0.7700514948319935;0.8405535499398316
BraTS20_Training_170;0.8848501443862915;0.8490095138549805;0.8117386102676392;0.7480974360552315;0.7483511383693792;0.7484314569692182;0.8730045026606631;0.828432664432815;0.7770161441360453
BraTS20_Training_171;0.6775790452957153;0.6629407405853271;0.6186896562576294;0.7480941516542916;0.74756721183432;0.7473539078825868;0.5536018515542126;0.5368178532706903;0.44634529098424064
BraTS20_Training_172;0.8855167627334595;0.8627723455429077;0.8067249059677124;0.747545609238766;0.7476521085494269;0.7476332712295202;0.87268593699253;0.8446800287118326;0.7698312393130622
BraTS20_Training_173;0.7329263091087341;0.755514919757843;0.6564292907714844;0.7474333721949747;0.746949015985451;0.7463658821715573;0.6488060570762959;0.6931954341931008;0.5113467320778604
BraTS20_Training_174;0.8389813899993896;0.7379868030548096;0.7256830930709839;0.7464295963768734;0.746291108247642;0.7461398647964161;0.8125550014667058;0.6684058415816261;0.6396008683398713
BraTS20_Training_177;0.0;0.4959042966365814;0.49546873569488525;0.0;0.7459044521007825;0.7456293817168913;0.0;0.0;0.0
BraTS20_Training_178;0.8349425196647644;0.8690040111541748;0.7496449947357178;0.7458435766148944;0.7461999069605076;0.7461262037475767;0.8114497965921821;0.8583610648918469;0.6983261455080223
BraTS20_Training_179;0.7121709585189819;0.6633706092834473;0.0;0.7458789753047871;0.7453161681724354;0.0;0.6144952958060915;0.5260297929483776;0.0
BraTS20_Training_180;0.7307871580123901;0.7597060799598694;0.7734277248382568;0.745163404500419;0.7451622808118856;0.7451192452201267;0.6644235676615693;0.709959508012851;0.7404724862398515
BraTS20_Training_181;0.7161474823951721;0.0;0.0;0.7449156531155845;0.0;0.0;0.6192841557959241;0.0;0.0
BraTS20_Training_182;0.7974514961242676;0.48598241806030273;0.749614953994751;0.7449368007944233;0.7443459854938437;0.7443161001574276;0.750454427421449;0.0;0.6752580467843401
BraTS20_Training_183;0.8658390641212463;0.6840031743049622;0.6466088891029358;0.7444673097276113;0.7441791773440081;0.7435266040857189;0.8506624271330153;0.589847296739579;0.5018095238095238
BraTS20_Training_184;0.881134033203125;0.8616767525672913;0.7543842196464539;0.743694177023739;0.7440429598178304;0.7440727603026396;0.868735303610125;0.8483970378547445;0.6978330117995424
BraTS20_Training_185;0.0;0.6274551153182983;0.5883932709693909;0.0;0.743734631969012;0.743526700537704;0.0;0.4555300472653612;0.38126950220937783
BraTS20_Training_186;0.8253034353256226;0.8528815507888794;0.7092883586883545;0.7435696831761374;0.7437996748982845;0.7437237173117865;0.7987979554007751;0.8400652505407993;0.6291972426061819
BraTS20_Training_187;0.871466338634491;0.7384145855903625;0.7936034202575684;0.7438802437421921;0.7434574226752231;0.74355120190828;0.859499748017294;0.6780494863261467;0.7589300080450523
BraTS20_Training_188;0.0;0.0;0.7477489709854126;0.0;0.0;0.7435184823439995;0.0;0.0;0.6706560922855083
BraTS20_Training_189;0.8119138479232788;0.8557264804840088;0.9141980409622192;0.7435918096660075;0.7437879822085495;0.7441383704272875;0.7757399673143273;0.8380133906265614;0.9100645944901452
BraTS20_Training_190;0.7581404447555542;0.7524824142456055;0.0;0.7441193143254087;0.7441260626270749;0.0;0.6873802582257392;0.6792631721522416;0.0
BraTS20_Training_191;0.0;0.751154899597168;0.5538222789764404;0.0;0.743923144751252;0.7430095643271937;0.0;0.7001612578109252;0.33535885777418944
BraTS20_Training_192;0.920834481716156;0.8789360523223877;0.9011421203613281;0.7432841803839747;0.7435838537968846;0.7439405224025577;0.9162682573797096;0.8687912718920471;0.8959305131092167
BraTS20_Training_193;0.8934712409973145;0.0;0.7085312008857727;0.7442222761593743;0.0;0.7439756624036213;0.8855109765329297;0.0;0.6181423413870585
BraTS20_Training_194;0.9227757453918457;0.896241307258606;0.0;0.7444053162637689;0.7447696814622324;0.0;0.9206237799662229;0.8909915959546629;0.0
BraTS20_Training_195;0.8763149976730347;0.889491081237793;0.6046634912490845;0.744950202799494;0.7451536939081647;0.7446511758411144;0.8634852710808849;0.880188421627526;0.3892902360914575
BraTS20_Training_196;0.8480340242385864;0.8443118333816528;0.6002144813537598;0.744803248500119;0.7449773394681014;0.7445833981582337;0.8287087087087087;0.824974465076081;0.38581587061858913
BraTS20_Training_197;0.769066333770752;0.7427451610565186;0.6643906831741333;0.7444897719838084;0.7443022531802999;0.7438743926325065;0.7164399092970521;0.6793178211403921;0.5482148505088467
BraTS20_Training_198;0.8863526582717896;0.0;0.0;0.7441040322288188;0.0;0.0;0.8771427737055748;0.0;0.0
BraTS20_Training_199;0.8659136295318604;0.7091503143310547;0.7007041573524475;0.7443500778669692;0.7441923498119878;0.743899752026687;0.8497721214205864;0.6144258088167904;0.6126601941747573
BraTS20_Training_200;0.8324508666992188;0.7910990715026855;0.8363721370697021;0.7439525311439665;0.7439783521146099;0.744037406439733;0.800601956358164;0.7402437872058962;0.807701642261953
BraTS20_Training_201;0.8852349519729614;0.8265640735626221;0.8351494073867798;0.7442744830163474;0.7444567735895031;0.7442236911328749;0.8745218056618209;0.7999762336234811;0.8175685221814072
BraTS20_Training_202;0.9119745492935181;0.8683145046234131;0.8264236450195312;0.7444800570582504;0.7447317584575517;0.7448954835129125;0.9065427400468384;0.8562343746207433;0.8038581207218419
BraTS20_Training_203;0.9017281532287598;0.8453328609466553;0.8283352851867676;0.7450854346355168;0.7452108806066977;0.7452678172602143;0.8928894140543546;0.8217144060657119;0.7993701613961423
BraTS20_Training_204;0.791942834854126;0.6958886384963989;0.6827629208564758;0.7452891826832175;0.7448430535494682;0.7446125057157214;0.7440956475646386;0.5808315181361872;0.5528246318607765
BraTS20_Training_205;0.8835079669952393;0.8904718160629272;0.909866213798523;0.7446990762629839;0.7448459535545761;0.7450179426390572;0.8693795863909273;0.8786434463794683;0.9020316987554515
BraTS20_Training_206;0.8387196660041809;0.8582902550697327;0.8426432609558105;0.7450880222437728;0.7451841580041001;0.7452704169075337;0.8099370022584096;0.8398576512455516;0.8156158754190548
BraTS20_Training_207;0.5890944004058838;0.0;0.6299729943275452;0.7448937288323163;0.0;0.7445181820333564;0.3443496339931563;0.0;0.4630867287693856
BraTS20_Training_208;0.6844829320907593;0.0;0.6481204032897949;0.7443806843549783;0.0;0.7438833816432315;0.5676567656765676;0.0;0.5158788704155555
BraTS20_Training_209;0.9249861240386963;0.9147737622261047;0.9398499131202698;0.7442421012675693;0.7445773248171484;0.7449647719151045;0.9221906829186842;0.910770236765387;0.9394564426110168
BraTS20_Training_210;0.8938519954681396;0.8568724393844604;0.821498692035675;0.7452631140007173;0.7454923586130127;0.7455464259555233;0.8869194074817977;0.8425751458052938;0.799761474647912
BraTS20_Training_211;0.925458550453186;0.0;0.8525660037994385;0.7457740926865658;0.0;0.7459259948493954;0.9215532968464947;0.0;0.8346461409446225
BraTS20_Training_212;0.0;0.0;0.5207962989807129;0.0;0.0;0.7452220109316811;0.0;0.0;0.23511516013293432
BraTS20_Training_213;0.8161391019821167;0.8024733066558838;0.7756620049476624;0.7452440242165952;0.7452483334936812;0.7451680169858247;0.7811889617869484;0.7652449659108926;0.7230695372798109
BraTS20_Training_214;0.7394656538963318;0.7878531217575073;0.7765623331069946;0.745145437916704;0.7452166404413371;0.7451750699600168;0.6645754616097527;0.7444783730099908;0.7265177728845549
BraTS20_Training_215;0.8772356510162354;0.7082974910736084;0.0;0.7453610905606722;0.7447588285159157;0.0;0.8648589626933576;0.6213838719016547;0.0
BraTS20_Training_216;0.7273479700088501;0.7991254329681396;0.8467378616333008;0.7446583727418438;0.7446924071638212;0.7448528295612478;0.6426845840253661;0.760030032970979;0.829774522603058
BraTS20_Training_217;0.7460935711860657;0.8847752213478088;0.7616366147994995;0.7447565573557631;0.7449118554634975;0.7448937857043182;0.6661849710982659;0.8734343522816852;0.6949429037520392
BraTS20_Training_218;0.7726778388023376;0.6251317858695984;0.598667562007904;0.7447263898067225;0.744292444565539;0.7436619938629949;0.7259269319570827;0.4571146662907886;0.4117736249573557
BraTS20_Training_219;0.7103901505470276;0.8533007502555847;0.8254011869430542;0.7435750329091859;0.743742059758763;0.7438527458632527;0.6036972068546754;0.8337772830278695;0.7966894566390788
BraTS20_Training_220;0.6742666363716125;0.739145040512085;0.5843162536621094;0.7437667070683232;0.7435877959250826;0.7431235747867742;0.5365878259115437;0.6650823403400723;0.3432203389830508
BraTS20_Training_221;0.6478610038757324;0.6217755675315857;0.0;0.7427874677930251;0.7423066737167244;0.0;0.5069739235900546;0.4559511570820133;0.0
BraTS20_Training_222;0.8162484765052795;0.6094246506690979;0.6621852517127991;0.7423372585671097;0.7420731313280525;0.7418857956305862;0.778031561461794;0.3781805803761382;0.5111957349581112
BraTS20_Training_223;0.8298472762107849;0.8147459030151367;0.7013772130012512;0.7419742987716763;0.7420178322012886;0.7417304001319813;0.8006435718236211;0.7839368457182083;0.610280353723347
BraTS20_Training_224;0.0;0.0;0.632343590259552;0.0;0.0;0.7411724566790188;0.0;0.0;0.4937326355236803
BraTS20_Training_225;0.7688688039779663;0.8226605653762817;0.735777735710144;0.7412286581479024;0.7413555314667049;0.7412709094139877;0.7271611083457773;0.8062927825147111;0.7046235618999801
BraTS20_Training_226;0.8221205472946167;0.7785882949829102;0.71504807472229;0.7413452199384172;0.7413748698797259;0.7411380297844088;0.7956367657777667;0.7319429905789516;0.6322293169185539
BraTS20_Training_227;0.5601832866668701;0.0;0.6466670036315918;0.7409613908869377;0.0;0.7407851099706801;0.22661503973914815;0.0;0.46611011727290796
BraTS20_Training_228;0.8766822218894958;0.8428788185119629;0.8266851902008057;0.7408832700868613;0.7410288304469732;0.7410968721232944;0.8618313561128081;0.8183505701405462;0.7959876704456402
BraTS20_Training_229;0.8841751217842102;0.7302858829498291;0.0;0.7412428146068528;0.7410930506648288;0.0;0.8737308347529813;0.6590893984712529;0.0
BraTS20_Training_230;0.8835923671722412;0.707309365272522;0.8169492483139038;0.7412130952805289;0.7409692074012163;0.7410689057891452;0.8703427719821163;0.612423042460329;0.7827761081893313
BraTS20_Training_231;0.8489611148834229;0.6621246337890625;0.6960971355438232;0.7411817156525671;0.7409143374112136;0.7406692682217646;0.8289600219810414;0.5401141796614957;0.6032531113657841
BraTS20_Training_233;0.7655231356620789;0.49037402868270874;0.0;0.7406328656982373;0.7403007818129825;0.0;0.6952899711630888;0.0;0.0
BraTS20_Training_235;0.8759651184082031;0.5813899040222168;0.0;0.7405361988317021;0.7398729381748692;0.0;0.8683943976808355;0.37716732072779163;0.0
BraTS20_Training_236;0.6313158273696899;0.0;0.0;0.7395797475929581;0.0;0.0;0.4479564032697548;0.0;0.0
BraTS20_Training_237;0.0;0.0;0.5512514114379883;0.0;0.0;0.7391344174679897;0.0;0.0;0.24691167387276097
BraTS20_Training_238;0.9107792377471924;0.0;0.4479960799217224;0.7394445309428507;0.0;0.7389030965182173;0.9082630385487528;0.0;0.0
BraTS20_Training_240;0.0;0.0;0.5409229397773743;0.0;0.0;0.7384533888367053;0.0;0.0;0.223638631010115
BraTS20_Training_241;0.7982988357543945;0.0;0.0;0.7385762997102455;0.0;0.0;0.7601514710166035;0.0;0.0
BraTS20_Training_242;0.7882481813430786;0.0;0.0;0.738670423657455;0.0;0.0;0.7411956385511969;0.0;0.0
BraTS20_Training_243;0.7517145872116089;0.7111771106719971;0.7603656053543091;0.7385459742816389;0.738387569280943;0.7383850512012207;0.6805796509847943;0.6122432311022175;0.6979765958279519
BraTS20_Training_244;0.8749552369117737;0.8457477688789368;0.8469393849372864;0.7385812146527532;0.7387845115955729;0.7389014177288229;0.863561190738699;0.8285000110602341;0.8332120925039332
BraTS20_Training_245;0.658994734287262;0.0;0.0;0.7386682051244797;0.0;0.0;0.5310234725578185;0.0;0.0
BraTS20_Training_246;0.8247230052947998;0.0;0.6267380118370056;0.7386666818692823;0.0;0.7383940266093355;0.7970719051148999;0.0;0.4517027687759395
BraTS20_Training_247;0.7963502407073975;0.8156691193580627;0.0;0.7384779187268519;0.7386028955687178;0.0;0.7592597255445046;0.7911780922624517;0.0
BraTS20_Training_248;0.8990519642829895;0.6801372766494751;0.8579159379005432;0.7388459886639367;0.7385443670918286;0.7387232322735549;0.8921662861948817;0.5645598253504827;0.848084341237763
BraTS20_Training_249;0.6799604892730713;0.6958670616149902;0.7611284255981445;0.7385838756416053;0.7384117059619161;0.738338122021166;0.5540796963946869;0.5880209368581462;0.6983486701121896
BraTS20_Training_250;0.6899495124816895;0.7379413843154907;0.0;0.7382137938455824;0.738225906760123;0.0;0.5562550443906377;0.6498350672418168;0.0
BraTS20_Training_251;0.7882840633392334;0.7228591442108154;0.7949631214141846;0.7382442904422024;0.7380795000131933;0.7381254890345215;0.7383306369464917;0.6421540243196294;0.7514138389886893
BraTS20_Training_252;0.0;0.7442309856414795;0.7588368058204651;0.0;0.738018372050173;0.7379307076448944;0.0;0.6833792930559037;0.7076734484054017
BraTS20_Training_253;0.8932512998580933;0.7505156993865967;0.7578650712966919;0.7381021333903767;0.7380003682531687;0.7378925585192952;0.8835904628330996;0.6809678223996009;0.6966552813043758
BraTS20_Training_254;0.6916521787643433;0.8141474723815918;0.8331178426742554;0.7377141182281781;0.7377934008269701;0.7376586583860953;0.5931469754152541;0.7867041963000365;0.8214852600840896
BraTS20_Training_255;0.9225082993507385;0.0;0.8684908151626587;0.7380005974567799;0.0;0.7382118495095116;0.9211101641531108;0.0;0.8636880906437089
BraTS20_Training_256;0.0;0.0;0.6881970763206482;0.0;0.0;0.7379516672643507;0.0;0.0;0.6018359064975516
BraTS20_Training_257;0.9241106510162354;0.7743755578994751;0.8152629137039185;0.7380876535197446;0.7378787038907826;0.7379205901888634;0.9188623608865214;0.7182923327270987;0.779763739085773
BraTS20_Training_258;0.9191328287124634;0.7768830060958862;0.852486252784729;0.738139422413238;0.7380893066526313;0.7382277109566849;0.9156824596497959;0.7310698642402537;0.8374468815727347
BraTS20_Training_259;0.7585427761077881;0.6852589845657349;0.0;0.7381893799312254;0.738088143577909;0.0;0.6886835327980609;0.5598626805893291;0.0
BraTS20_Training_270;0.7950071692466736;0.6521136164665222;0.7114555835723877;0.7380711817151636;0.7377852601363555;0.7375336496770771;0.7575238804118596;0.5178605743567845;0.6491783582182952
BraTS20_Training_276;0.8606424331665039;0.8697545528411865;0.7793428897857666;0.7375722098841313;0.7376831155829735;0.7376077057792502;0.8393398450656787;0.8521894194571032;0.7209016850797902
BraTS20_Training_277;0.7226756811141968;0.8110214471817017;0.7658889293670654;0.7375886755811544;0.7376388138629809;0.7376291719382195;0.6191415885545141;0.769105954892098;0.697294538029607
BraTS20_Training_280;0.7612439393997192;0.876986563205719;0.7751540541648865;0.7376277853662119;0.7377014993934526;0.7377011251233161;0.6873300706905927;0.8604651162790697;0.7113085070037581
BraTS20_Training_282;0.6098329424858093;0.5313100218772888;0.6048927307128906;0.737490216102379;0.7372528841155216;0.7370106576477942;0.37809411551364586;0.14737464289232588;0.3694192310530588
BraTS20_Training_288;0.8213241100311279;0.6623930931091309;0.7467371225357056;0.7370017604399443;0.7367477055652958;0.7367116824036148;0.7917245026108798;0.521015368675531;0.6798967696004271
BraTS20_Training_289;0.0;0.4664003849029541;0.0;0.0;0.7361314948382172;0.0;0.0;0.0;0.0
BraTS20_Training_290;0.8180289268493652;0.5735231041908264;0.7701414227485657;0.7361674230040027;0.7355491351866802;0.7355348506123401;0.7798898071625344;0.3187801875177574;0.7068840579710145
BraTS20_Training_311;0.5686331391334534;0.4865497946739197;0.0;0.7353806637750029;0.7350859154651874;0.0;0.256185878092939;0.0;0.0
BraTS20_Training_314;0.0;0.8223158717155457;0.0;0.0;0.7351572903809784;0.0;0.0;0.7866949436321018;0.0
BraTS20_Training_315;0.5949814319610596;0.5894508361816406;0.0;0.734885883668577;0.7344384989759684;0.0;0.35195681511470983;0.3495833657814812;0.0
BraTS20_Training_317;0.0;0.0;0.7001401782035828;0.0;0.0;0.7343357676336357;0.0;0.0;0.5816317956474246
BraTS20_Training_318;0.0;0.0;0.4685051143169403;0.0;0.0;0.7335667493400028;0.0;0.0;0.13215204783182044
BraTS20_Training_326;0.7911669611930847;0.51131272315979;0.4481152296066284;0.7334295873978701;0.7328855357505073;0.7323668539012781;0.7569416050254618;0.1671681711802073;0.0
BraTS20_Training_331;0.0;0.6499772071838379;0.0;0.0;0.7322693311951838;0.0;0.0;0.4708636836628512;0.0
BraTS20_Training_332;0.8654446005821228;0.7702654600143433;0.7380645871162415;0.7323288771295021;0.7323512896070192;0.7323159076134003;0.845442536327609;0.7043264689212168;0.6487963121051733
BraTS20_Training_334;0.7468432188034058;0.8179253339767456;0.6733721494674683;0.7322979294148082;0.732408187731705;0.7322995063224575;0.6669933359466875;0.78372935964559;0.5305938425866289
BraTS20_Training_336;0.8974577188491821;0.6870006322860718;0.7061879634857178;0.7324996107545743;0.7321113699799697;0.7318265272105094;0.891092633559641;0.5809417731118326;0.6248669325009473
BraTS20_Training_337;0.8690668344497681;0.7922951579093933;0.829367995262146;0.7319846493067168;0.7319048779535656;0.7319966603529509;0.8547979797979798;0.7547100196010608;0.8085248346645211
BraTS20_Training_338;0.7522672414779663;0.8339025974273682;0.7128299474716187;0.7319259009861769;0.7320208649385932;0.7319130270168758;0.6894040117925891;0.8140727973233296;0.6322314049586777
BraTS20_Training_339;0.8994730114936829;0.8127057552337646;0.8765959739685059;0.7320916831090648;0.7319961921762846;0.7322662844951626;0.8928261247177349;0.7873944402160125;0.8701442490193597
BraTS20_Training_340;0.8388949036598206;0.7675212621688843;0.7425016164779663;0.7323572855342013;0.7322708611897333;0.732087019180012;0.8186152319643765;0.7155958562608179;0.6761409531502424
BraTS20_Training_341;0.8317711353302002;0.0;0.0;0.7321550282999669;0.0;0.0;0.8002283105022832;0.0;0.0
BraTS20_Training_342;0.0;0.0;0.5800927877426147;0.0;0.0;0.731668259508893;0.0;0.0;0.37866540399770016
BraTS20_Training_343;0.9201892614364624;0.884961724281311;0.8801989555358887;0.7319013372845441;0.7321166972592954;0.7323398436220556;0.9169792248556912;0.8779232181339293;0.873112764574153
BraTS20_Training_344;0.854601263999939;0.0;0.0;0.7324115737995069;0.0;0.0;0.8334685218693455;0.0;0.0
BraTS20_Training_345;0.0;0.6769809126853943;0.0;0.0;0.7323502108556299;0.0;0.0;0.5338960222681153;0.0
BraTS20_Training_346;0.6224961280822754;0.6140094995498657;0.7081573605537415;0.7318535878085483;0.7311755542027254;0.7308804762397836;0.4312591535543956;0.42563384830704637;0.62851617755018
BraTS20_Training_347;0.7527401447296143;0.8596411943435669;0.8405455350875854;0.7308849372468311;0.7310348802125889;0.7311838731646032;0.6814757367604698;0.8431687715269804;0.8218698742482231
BraTS20_Training_348;0.8805829286575317;0.7546977996826172;0.7479469776153564;0.7313536460170695;0.7311802181334315;0.7310658065675952;0.8696071807740565;0.6985711750088747;0.6911619055017186
BraTS20_Training_349;0.6519774198532104;0.8799506425857544;0.662717878818512;0.7308077055046444;0.7309988588100014;0.7306519194711614;0.5237432269717038;0.8734499687884871;0.5487562790215946
BraTS20_Training_350;0.8481457233428955;0.8675953149795532;0.8489538431167603;0.730704480518077;0.7308619310287343;0.7310101130332921;0.8278549994826337;0.8559912219808764;0.8338940368687167
BraTS20_Training_351;0.8473736643791199;0.7848002910614014;0.8302891254425049;0.731083022928193;0.7311364455245696;0.7312555930979772;0.8240665818980465;0.7348654708520179;0.8037834852250759
BraTS20_Training_352;0.0;0.8223092555999756;0.0;0.0;0.7313345136749669;0.0;0.0;0.7891626192287436;0.0
BraTS20_Training_353;0.900416374206543;0.8893948793411255;0.8873289227485657;0.7314859628861168;0.7316239099991702;0.731751880921888;0.8915895761533346;0.8783768760422457;0.8769395610936942
BraTS20_Training_354;0.6447190046310425;0.0;0.7298367023468018;0.73141529034045;0.0;0.7313273217066367;0.49312;0.0;0.668156963653908
BraTS20_Training_355;0.8713569641113281;0.8728069067001343;0.8466101288795471;0.7315222665150368;0.7317879176066588;0.7320210806370364;0.8604645850939906;0.8650039521703301;0.8376074738526817
BraTS20_Training_356;0.9090120792388916;0.0;0.8680452108383179;0.73214706201587;0.0;0.7323845196686797;0.9021626117695987;0.0;0.8552603725656224
BraTS20_Training_357;0.6035605669021606;0.0;0.0;0.7321454297157401;0.0;0.0;0.37477081041437477;0.0;0.0
BraTS20_Training_358;0.7420862913131714;0.8111824989318848;0.8013878464698792;0.732120955597472;0.7321535701031813;0.7322001599600458;0.6609375;0.7736029803086748;0.7602583932308252
BraTS20_Training_359;0.8837001323699951;0.8319846987724304;0.7394010424613953;0.7323541776707798;0.7324793828487759;0.7323881531817511;0.87302032235459;0.8113537657205195;0.6710413406693251
BraTS20_Training_360;0.8800854682922363;0.8056775331497192;0.8577188849449158;0.7324895232434909;0.7325562145752623;0.7326581127734999;0.8705358247741616;0.7736384310599489;0.8430602767271509
BraTS20_Training_363;0.9011837244033813;0.8804671764373779;0.8556051850318909;0.7328790067765838;0.7330880412505163;0.7332659906139221;0.8958897711349837;0.8728777670837343;0.8448706992055202
BraTS20_Training_364;0.8341507315635681;0.7560755610466003;0.8712414503097534;0.7333707783185981;0.7334193436834263;0.7335693842399804;0.8097810634063122;0.6939464382383849;0.8639753390107581
BraTS20_Training_365;0.9402070045471191;0.9030076861381531;0.9361443519592285;0.7338014189320086;0.7340141034954755;0.7343020610823815;0.9392681090794298;0.8988141012668475;0.9357625136735694
BraTS20_Training_366;0.8014922142028809;0.7454783916473389;0.564122200012207;0.7343425917524296;0.7343320479577105;0.7340304398395208;0.7618791946308725;0.672719836400818;0.2957145924721617
BraTS20_Training_367;0.8427411317825317;0.8067135810852051;0.7738723754882812;0.7341011463941134;0.7341416523519766;0.7341112447610967;0.8183398078102637;0.7674662145314916;0.7227916056612982
BraTS20_Training_368;0.8382458686828613;0.0;0.6149864196777344;0.7341701937664887;0.0;0.7340685686274808;0.8108668602239735;0.0;0.4067405355493998
BraTS20_Training_369;0.7588117122650146;0.0;0.7656140327453613;0.7340943525644967;0.0;0.7341176934525545;0.6995076813571386;0.0;0.729749622302855
