X;Y;Mean;Standard Deviation
140;356;61,37470002712798;51,06984475547872
140;357;61,290073153956776;51,04103196485237
140;358;61,18932705921546;51,006374446911956
140;359;61,11327069388434;50,985439342062264
140;360;61,01990700377797;50,95359961291418
140;361;60,930163601302176;50,91748406721843
140;362;60,85650985588869;50,88583476602105
140;363;60,7675255386906;50,85190030014962
140;364;60,68492782951659;50,815292524802906
140;365;60,60506021115143;50,774939247512535
140;366;60,52509215213855;50,734112380947906
140;367;60,45805907520158;50,69073211720311
140;368;60,39767475299386;50,65185402392176
140;369;60,32037261218376;50,60094163933105
140;370;60,2239650612044;50,54394343692406
140;371;60,16217543428887;50,517497236194686
140;372;60,07125929557898;50,473295471613824
140;373;59,972164969491665;50,4253972839458
140;374;59,893603585251576;50,39460204716849
140;375;59,79650914417072;50,36439373379223
140;376;59,698260798894715;50,33922067597939
140;377;59,59691589733185;50,31138956821203
140;378;59,50138841032086;50,29039616696407
140;379;59,408010367310574;50,263788139686326
140;380;59,33210630637919;50,24423557882349
140;381;59,24806530480289;50,222861011346
140;382;59,163820251937985;50,19995901378584
140;383;59,08417209593158;50,17687893097135
141;355;61,45233320800435;51,10349040847645
141;384;58,998025467440364;50,15031881335586
141;385;58,9322702746235;50,12817792799459
141;386;58,86746066873214;50,10246468575298
142;350;61,966074925769156;51,25407775161855
142;351;61,86022364217252;51,22206377007936
142;352;61,747712774886686;51,18817953881864
142;353;61,634994448983015;51,158602784833406
142;354;61,53264870743747;51,12701559175765
142;387;58,79375703489307;50,07869364893936
142;388;58,73666030725977;50,05877814867347
143;347;62,299676197329156;51,378361378783225
143;348;62,19648893020111;51,33930148835694
143;349;62,076689445709945;51,29486760827668
143;389;58,65542424911218;50,02142841640656
143;390;58,58304439322578;49,99931649108057
144;344;62,59152953182804;51,52609431047848
144;345;62,504501061571126;51,48246131089615
144;346;62,40289934934192;51,426590077880135
144;391;58,48209212053303;49,97356708008654
144;392;58,40410479825736;49,94621692141833
145;342;61,277406136604874;58,28981694933589
145;343;nan;nan
145;393;58,28084104691988;49,901409405981994
145;394;58,209384771654484;49,876062958445814
146;340;61,03666273236943;58,164903534211625
146;341;61,16569330474853;58,23354535102762
146;395;58,108195678533804;49,83389071208987
146;396;58,03197570560915;49,8052308851495
147;337;60,64319914012116;57,945487430420066
147;338;60,76938895417156;58,018300808032116
147;339;60,89694516010305;58,0909484471543
147;397;57,92294283110812;49,75342756720481
148;334;60,22290398467247;57,73344933701134
148;335;60,37377814521228;57,800721561095706
148;336;60,51263740281264;57,86934015777099
148;398;57,81656980192148;49,706799956844826
149;333;60,05981376224453;57,6590378081512
149;399;57,697045647411734;49,65219847339063
150;332;59,87958430786295;57,58469813804057
150;400;57,605012896493335;49,62504849628471
151;331;59,69136277314359;57,51083382524792
151;401;57,48398443640937;49,580816929444076
152;330;59,52553869753841;57,43998862755509
152;402;57,36041495077852;49,545210745984875
153;329;59,35832775599962;57,36888869175336
153;403;57,23040491613989;49,5059938202736
154;327;59,06601484441907;57,23524230297969
154;328;59,20227451541378;57,298242712651955
154;403;57,19756684335087;49,50201664964392
155;325;58,789494882486736;57,104684592573804
155;326;58,92703017067439;57,16672095817962
155;404;57,068017253156896;49,46629970874473
156;316;57,6795160578687;56,496927704530655
156;317;57,79228638596001;56,569458478177225
156;318;57,91039309459932;56,64153715057357
156;319;58,022536528345995;56,708048297102856
156;320;58,144356709388695;56,77834857493994
156;321;58,267147251508675;56,84665595962521
156;322;58,38367029915033;56,90888587025579
156;323;58,51087059045463;56,9752067882587
156;324;58,63962665406427;57,04026306266117
156;405;56,93612669471716;49,432033916085565
156;406;56,85312603374132;49,40455497474289
156;407;56,7776719967359;49,382875775296064
157;309;56,89070064857952;55,94714275815448
157;310;56,99583419167296;56,02708658030005
157;311;57,08865288896025;56,10235542231732
157;312;57,180368182758386;56,176222937287655
157;313;57,29059829059829;56,247739480596806
157;314;57,41334872979215;56,33000338536923
157;315;57,53102426375255;56,40242687054821
157;408;56,65356208200058;49,34166887185273
157;409;56,57603856130706;49,30962262123619
158;307;56,669477081108106;55,76671968884657
158;308;56,76475945447508;55,8497611218656
158;410;56,46644904581627;49,26046158769072
159;305;56,48303934871099;55,595040736464796
159;306;56,56688345532417;55,669648919864066
159;411;56,36538906454847;49,20836002738329
159;412;56,31079103442964;49,17887563149799
159;413;56,236510134225604;49,145598359557106
160;302;56,18136297294263;55,31038644593881
160;303;56,270130980780486;55,39327383695737
160;304;56,35611527013619;55,47753466024256
160;414;56,109868181207666;49,09129566499162
160;415;56,01871719222959;49,058963326821974
161;299;55,84687736816297;55,01107956620588
161;300;55,946705383069016;55,100160355365986
161;301;56,04157710908114;55,188399944477354
161;416;55,87036789297659;49,00560489515802
161;417;55,78522349887392;48,96924140529668
162;297;55,60892801703109;54,80399408304302
162;298;55,71346978687468;54,89137393368817
162;417;55,73659820355856;48,945274241697255
163;295;55,338911949130086;54,59724875176048
163;296;55,46443024258641;54,68577148072744
163;418;55,61328080392828;48,876517074096924
164;294;55,20794541652911;54,495690938272936
164;419;55,493342450661956;48,80616302005587
165;293;55,05878348704436;54,37840658875016
165;419;55,44185075533288;48,77638786995111
166;291;54,848862369680674;54,18635067006876
166;292;54,936371001291846;54,26549464967095
166;420;55,31271419104421;48,702999386545706
167;288;54,52354702895091;53,90125694317047
167;289;54,54853956568143;53,94413068801791
167;290;54,711879181467516;54,069400907657595
167;421;55,17910250354275;48,61766218934317
168;286;54,308276844695826;53,70334576194386
168;287;54,39484672132921;53,78091314014367
168;422;55,066006787330316;48,54427157743087
169;285;54,18310344085559;53,580747820843015
169;423;54,957271872060204;48,47458974240695
170;283;54,01677953025887;53,37539140332523
170;284;54,085636426057846;53,46328328428931
170;424;54,85003098533361;48,39319287217007
171;281;53,899153572266165;53,192617887354444
171;282;53,95042610905829;53,264383544036406
171;425;54,72874144878643;48,30241260963387
172;279;53,808738296923764;53,00684263548416
172;280;53,834226304375555;53,075556333134756
172;426;54,608755002056924;48,214084135900485
172;427;54,539599245550804;48,165999383453496
172;428;54,47729095555182;48,11333285505043
172;429;54,418073097127525;48,067287671923886
172;430;54,35276170632337;48,02076468517418
173;276;53,70237818903121;52,76371108691809
173;277;53,73662290437834;52,83259964145597
173;278;53,767623080995236;52,89778589089169
173;431;54,225944140298786;47,924715196057385
173;432;54,168733203595586;47,88061556922407
174;273;53,593634763660745;52,52872072226225
174;274;53,61873373079184;52,590797221066694
174;275;53,64761063435975;52,65609593005501
174;433;54,07062282713218;47,79296294398059
174;434;54,030812997616984;47,747540856867055
174;435;53,99239655999705;47,69887700634687
175;272;53,55632596800468;52,42912329183562
175;436;53,9306514891971;47,61283017602268
175;437;53,901398601398604;47,570036253575374
176;270;53,48629724282657;52,27052316905779
176;271;53,500104105938206;52,32227848002264
176;438;53,84295395691381;47,48200696188966
176;439;53,807288608338226;47,42979021378973
176;440;53,78582688712102;47,39664868669528
177;268;53,41032108669134;52,10767592566263
177;269;53,434456618545596;52,16733508010926
177;441;53,58599064820757;47,169951822571434
177;442;53,67574334326285;47,25670164075417
177;443;53,64224539361955;47,21294431016297
178;264;53,34340862422998;51,854694479002035
178;265;53,35207879261422;51,9056527096432
178;266;53,36191240966088;51,95734467116643
178;267;53,37534020618557;52,012019488537575
178;444;53,574094661830905;47,1357210037022
178;445;53,53862821143097;47,09343591492923
178;446;53,503047282915205;47,054141791258175
179;260;53,316733677572095;51,60678396128496
179;261;53,31715739359637;51,655475257979745
179;262;53,319516336927386;51,705499357975114
179;263;53,304610655737704;51,7441948439951
179;447;53,42898666569778;46,97333154239975
179;448;53,4179296825368;46,95151673243297
180;259;53,3128398330109;51,5150718738676
180;449;53,35846114797491;46,86687353079283
180;450;53,33766374952438;46,83896485353943
181;257;53,29719087440123;51,369253899868305
181;258;53,30359864263507;51,419566460852764
181;451;53,29641228006661;46,763101820306794
181;452;53,27608793992581;46,72806374715494
182;256;53,282395592822134;51,270217711373284
182;453;53,223294827991396;46,647201241904575
182;454;53,20103344233861;46,61819692654808
183;254;53,26335438823078;51,12652662487157
183;255;53,26413416851889;51,17739804526954
183;455;53,13298794136761;46,53137366991994
184;248;53,206598680263944;50,78426350912926
184;249;53,20790116535181;50,83467554494475
184;250;53,22525864143075;50,88421275888364
184;251;53,22025494329017;50,90658803992812
184;252;53,113415150232754;50,885077666287735
184;253;53,25948895556048;51,051775798799554
184;456;53,07191675833589;46,45836788899729
184;457;53,04679501045497;46,43555347554301
185;246;53,19518753859331;50,64885332751389
185;247;53,1894323213787;50,68820898280769
185;458;52,96601469634753;46,355415260623
185;459;52,937324501403985;46,33663992001208
185;460;52,90843841629041;46,320031921295275
186;245;53,18282069623271;50,55290364692293
186;461;52,806972773834126;46,244343116504545
186;462;52,76036709110828;46,22474552246949
186;463;52,71600904749937;46,19057623566358
187;243;53,1581854902582;50,42043361822436
187;244;53,15718307625203;50,45584305380873
187;464;52,602370747628356;46,12027798835103
188;242;53,14967209228824;50,33414636789461
188;465;52,49783371526783;46,07405172358801
188;466;52,44546235327798;46,04653343013791
189;241;53,12469697865547;50,24099669900594
189;467;52,324598538842146;45,988870934716296
190;241;53,09981297371789;50,18209305908036
190;468;52,18839494284848;45,925579756863264
191;241;53,089248495811866;50,13705426696107
191;469;52,03206555624833;45,823313722992374
192;240;53,065230612284935;50,04916973156444
192;470;51,94319434076286;45,81519749045143
193;240;53,042382678553935;49,999526857027796
193;471;51,835694503621646;45,764076158902945
194;240;53,01644060830251;49,94727147283285
194;471;51,77085329075749;45,732842750184126
195;240;52,98948191593353;49,891268743128165
195;471;51,689717538166924;45,68350228977649
196;240;52,962521727242546;49,843396156027225
196;472;51,59182878688641;45,6570027672254
196;474;51,50979664014147;45,62516912705087
196;475;51,461898702859365;45,61076161208914
196;476;51,42363809792977;45,593998569613426
197;240;52,93351022319338;49,794278558941016
197;473;51,46204019585315;45,59284257189263
197;477;51,32209460293936;45,553981837203224
198;239;52,87115429550588;49,707614698661196
198;478;51,230428959148426;45,51950394643028
199;239;52,82891819348816;49,65537693581942
199;479;51,14183835182251;45,48638912039253
200;239;52,792805392071166;49,60900927607988
200;480;51,05666086161099;45,46116799041539
200;481;51,02685496210056;45,44915105717009
201;239;52,75012609117362;49,55625600954355
201;482;50,935945186226284;45,42597718989509
202;238;52,678233438485805;49,457374968639904
202;483;50,85201179692437;45,40154361416713
203;237;52,603154683759364;49,36245436179421
203;484;50,763937129424974;45,380484245800034
204;237;52,55731827206662;49,31183791975896
204;485;50,63034739410536;45,271961234895045
205;236;52,46189633958782;49,20104450776321
205;486;50,611812941320764;45,327555587012995
206;235;52,37304616328801;49,10033253543788
206;487;50,52735168452756;45,30602214478424
207;235;52,315982994369755;49,04177368622776
207;488;50,44548079447021;45,281837476405144
207;489;50,41850659575213;45,27541092761022
208;235;52,26252892024704;48,99015695287931
208;490;50,33765802311552;45,2512854964541
209;234;52,17199542159481;48,91087973657655
209;491;50,256146788990826;45,226573607239594
210;234;52,116980341359344;48,865452584193584
210;487;50,300353109813656;45,24070723327783
210;492;50,171003003422506;45,20673534217363
211;234;52,06045157976831;48,81561877216012
211;486;50,26824536875218;45,231206053792704
211;488;50,21482723683751;45,217636276659405
211;489;50,18939169009903;45,21013383773843
211;493;50,079020832606346;45,18554396069834
212;234;52,00292508737274;48,7683654755641
212;484;50,261958440378194;45,22919383837561
212;485;50,23540716669287;45,22438464020825
212;486;50,20824817900749;45,21575405200333
212;490;50,08341043590594;45,16770061057196
212;493;50,023508484330584;45,16864266455663
213;234;51,95341249668045;48,721483069570276
213;483;50,227044025157234;45,22237572071435
213;491;50,01740313186622;45,167041489730074
213;492;49,994438342312186;45,16068276626841
213;493;49,97360852057803;45,154485628287134
214;235;51,926770548983924;48,69622706359108
214;483;50,163954462913814;45,205770028479115
215;236;51,90478175204608;48,676285668393085
215;483;50,08341043590594;45,16770061057196
216;236;51,85836455140576;48,62903862903035
216;482;50,06115898545163;45,1795619678148
217;236;51,813380946982576;48,58289080049212
217;482;50,00319087722969;45,16211364790901
218;237;51,78727743056211;48,555649431350105
218;478;50,04227710339054;45,17501498082633
218;479;50,01844973406574;45,16726501497873
218;480;49,99485677423854;45,16038632199143
218;481;49,97031239104665;45,15279370469774
218;482;49,951023965141616;45,146819772302926
219;237;51,74278279561782;48,50391804985835
219;477;50,00891051126456;45,16456745996188
220;237;51,70298465304585;48,448812318396655
220;475;49,988490513392854;45,15023486331518
220;476;49,97507234250253;45,15455844470322
221;237;51,663719976677264;48,37534876865651
221;472;50,012816712295326;45,16484215841715
221;473;49,98913858330864;45,15804098944333
221;474;49,96529424069168;45,15045771381967
222;237;51,55637669713039;48,24107068072176
222;238;51,651543911744255;48,364384897812705
222;471;49,97833097989994;45,15512915249629
223;239;51,55637669713039;48,24107068072176
223;471;49,920915966679445;45,13326016125353
224;240;51,58546928359665;48,269386308345105
224;471;49,86911085953148;45,12053802465961
225;240;51,536320383621174;48,205482234814646
225;471;49,809133326369306;45,101571540631234
226;240;51,480178765099666;48,12960318190425
226;470;49,77662129703763;45,093819488842215
227;241;51,445077633078604;48,08128102629179
227;469;49,73697581346789;45,077801800664936
228;241;51,389267001062855;48,005282077991474
228;468;49,70425328346525;45,071328663350144
229;239;51,27844150052953;47,852148158483445
229;240;51,304009074342666;47,888236711746345
229;468;49,64817165411834;45,05742986811385
230;237;51,17808929464269;47,70760175081749
230;238;51,17879321531189;47,720423975364184
230;468;49,57717642560439;45,038940218640256
231;234;51,06501005405206;47,53146563610717
231;235;51,08287639619681;47,561681633683065
231;236;51,10528163159742;47,595271591708396
231;468;49,510950933564914;45,03055841770228
232;231;50,97576983178601;47,361344366954064
232;232;50,99196144436473;47,394909628536205
232;233;51,00358897907349;47,42361063866747
232;468;49,430257380378;45,01583525515562
233;229;50,90722367914321;47,22731589514495
233;230;50,928318502889645;47,262201349145144
233;468;49,34893845833622;45,00020456120269
234;228;50,85749574573201;47,135963115309835
234;468;49,26916143793115;44,99129522815387
235;228;50,81645928118548;47,06159725492957
235;468;49,195948989846485;44,98233800564851
236;227;50,782904455346234;46,97818300036442
236;468;49,12461684994372;44,97963350455747
237;226;50,75097864282723;46,87519677699495
237;469;49,03268358550012;44,97148020707356
238;226;50,73209771003474;46,80743933317489
238;470;48,95660227115358;44,961389250861686
238;471;48,94046567990998;44,95844186633297
238;472;48,92403310134691;44,955922277737606
238;473;48,913003583732966;44,95633399486275
239;225;50,70364921076054;46,714957466934656
239;474;48,85307515111627;44,945495400452806
239;475;48,82893961963488;44,929866211835986
240;224;50,660560110280784;46,62600713267101
240;476;48,77674950608298;44,927537482723274
240;477;48,76935741023153;44,93104869229865
241;224;50,61326447404186;46,54578312196092
241;478;48,70721220527046;44,92076577305149
242;224;50,594858156028366;46,502808441914354
242;479;48,66196547835892;44,91673990229729
242;480;48,65309875772087;44,912363299376224
242;481;48,64677402561344;44,910922506916165
243;224;50,55979036776001;46,43928869736331
243;482;48,612382771795765;44,90475926721895
244;224;50,52205776173285;46,37339603722747
244;483;48,583473832409226;44,897996851397934
244;484;48,57793268896461;44,89618394004943
245;224;50,49369759264268;46,31580771909751
245;485;48,55411918225315;44,88932723057103
246;224;50,4637916126243;46,242399113903886
246;486;48,53480759185095;44,88111250225125
247;224;50,436985832838296;46,17249060587071
247;487;48,51138799337806;44,871083636262355
248;224;50,42130345646153;46,11315660366577
248;487;48,493076869419646;44,85665787107499
249;224;50,39074037476869;46,048573441513255
249;487;48,49077870640169;44,85752718667093
250;224;50,348136584665625;45,98607063601624
250;486;48,48482150650258;44,85439207758514
250;487;48,482690595485415;44,85261465497458
251;224;50,299326189025486;45,92793884305653
251;478;48,4851393567078;44,85448219283884
251;479;48,47770989701519;44,84866312353363
251;485;48,476091512399584;44,85084573414551
252;224;50,24264442694538;45,85808226918792
252;476;48,48230528833563;44,853374715013516
252;477;48,47915211621735;44,85155808519738
252;480;48,47156729190681;44,84828403642004
252;481;48,45005154729245;44,82600447252193
252;482;48,467318777292576;44,8495661847416
252;483;48,46410104115715;44,84716809635818
252;484;48,46493710691824;44,8490755893081
253;224;50,18536393536394;45,797693287157344
253;474;48,47045057631855;44,847899701334306
253;475;48,45005154729245;44,82600447252193
254;223;50,11168038274096;45,72334131970101
254;473;48,45956287017139;44,84799384771755
255;223;50,02299199115281;45,64191384189945
255;473;48,43799499973775;44,83787825199411
256;223;49,979497684360524;45,61294062787867
256;472;48,441858024799316;44,84711090387676
257;222;49,9071203573526;45,55298192688079
257;465;48,440451206715636;44,84586486621861
257;466;48,43951584691807;44,84550308042873
257;467;48,43999370288093;44,8479895639719
257;468;48,436607892527284;44,8465275335621
257;469;48,421768350309776;44,8299252226213
257;470;48,43984462486002;44,85039115256419
257;471;48,435203331700144;44,84760579804432
258;222;49,83927523604616;45,5090062832579
258;462;48,421768350309776;44,8299252226213
258;463;48,44063970884149;44,850380763773074
258;464;48,4365430716198;44,84835701376614
259;222;49,76682833235623;45,46448926365591
259;460;48,436962876096125;44,851794995158045
259;461;48,43559087646822;44,852748958823774
260;222;49,6815019875071;45,41227315131436
260;457;48,43017982525258;44,85329410440754
260;458;48,42649505297259;44,851713517583185
260;459;48,430375091934295;44,856348475862205
261;221;49,58733450311055;45,364155576592914
261;454;48,42866150558728;44,85780379945865
261;455;48,41498160154197;44,84388686799249
261;456;48,43123926982236;44,86140486945603
262;221;49,51315509915014;45,321833531409
262;453;48,426899150092;44,86397000885937
263;221;49,43987263399965;45,271360234037545
263;454;48,42553788423434;44,86832845516901
264;221;49,38294411936288;45,22253460953339
264;455;48,43540350877193;44,874852911007395
265;221;49,335595496880686;45,17886626904909
265;456;48,44907057976865;44,88378855113162
266;221;49,291953779285485;45,14140391199279
266;456;48,467440553545714;44,88970970367038
267;221;49,24612231918878;45,11098700659834
267;457;48,486480788488905;44,89722962704187
268;221;49,19587064413006;45,07519357783948
268;458;48,506220129322465;44,90029793839148
269;220;49,14624757195833;45,04723182546307
269;458;48,53917674353206;44,897361911740816
270;219;49,093667802354936;45,02032521031065
270;459;48,57686830863351;44,90555864067049
271;219;49,033243343391035;44,99826729157582
271;460;48,61198150199574;44,903182937017625
272;219;48,99551957100774;44,992366524686375
272;460;48,65664028144239;44,89631436340467
273;219;48,92539234702874;44,95157945407067
273;461;48,70961102021428;44,92189853540069
274;219;48,87314037932737;44,94887692588352
274;461;48,76472658793713;44,92450178007652
275;219;48,687750596131764;44,76403875327293
275;462;48,687750596131764;44,76403875327293
276;219;48,767612946373575;44,92283806924689
276;463;48,873563420996966;44,948607533015625
277;218;48,7174750620151;44,923544756111895
277;464;48,930908000775915;44,95502095033729
277;465;48,92820992117375;44,95317203484036
278;218;48,654649056471044;44,89513943649643
278;466;48,99380821337849;44,99147511269405
279;218;48,62537365922279;44,90053003897699
279;466;49,03908317747115;45,00260516210115
280;217;48,58903459429054;44,905274024430376
280;467;49,093667802354936;45,02032521031065
281;217;48,546098542776285;44,89057035425314
281;468;49,1388947740113;45,04557373577625
282;217;48,51778621392668;44,89332000847541
282;468;49,189473684210526;45,06982246042855
283;218;48,49638960628261;44,897354780407326
283;469;49,22878691535961;45,09996462789081
284;218;48,485498462889765;44,89539597042114
284;470;49,271432861660216;45,12779474799839
285;219;48,46375513644505;44,8881789846256
285;470;49,31545189504373;45,16419323830548
286;220;48,44841325563435;44,882115906072286
286;470;49,36143662619085;45,202482237347084
287;220;48,43750986963311;44,87587805961505
287;471;49,40355437665782;45,24179649455019
288;221;48,42509468368635;44,86952101902266
288;471;49,465707612273064;45,28892904668081
289;221;48,42548156976846;44,864901470882224
289;471;49,5368933758413;45,337049662564965
290;221;48,42774303183196;44,85985609872613
290;471;49,61279341890646;45,377799589207434
291;221;48,43085516178736;44,85429808751701
291;472;49,68134227711528;45,41241094822151
292;222;48,4365430716198;44,84835701376614
292;473;49,753579167998865;45,45461708122131
293;222;48,44408498732185;44,847988703938725
293;474;49,81221892386725;45,491105493703515
294;223;48,454232489864395;44,84757495439413
294;475;49,8681738944822;45,52850869120698
294;476;49,84060420595666;45,497175035580156
294;477;49,84784734942116;45,511515758650155
295;223;48,45005154729245;44,82600447252193
295;237;48,50156914708138;44,865555114756205
295;238;48,50010459886336;44,86200391265381
295;239;48,504732191100345;44,86581025454039
295;240;48,51256404000976;44,87262522250871
295;478;49,89749430523918;45,54627682121805
295;479;49,88939304969839;45,542207274280514
296;224;48,47770989701519;44,84866312353363
296;235;48,51138799337806;44,871083636262355
296;236;48,51684727690861;44,872142446267205
296;241;48,53858742013544;44,87982570832705
296;242;48,54706998276972;44,88528539162786
296;243;48,55250656875881;44,88747482097267
296;244;48,553255158495425;44,887141047288154
296;245;48,553222579803425;44,88216505407411
296;246;48,56870587416965;44,89301499774918
296;247;48,56976440928454;44,891401762383595
296;248;48,581192421345385;44,89797756624868
296;249;48,586917609439894;44,89698900097929
296;250;48,59225409622435;44,89746346450401
296;251;48,603143998610385;44,90312851778831
296;252;48,60425894082295;44,89513009866586
296;253;48,61951143288713;44,903494428423514
296;254;48,632639600076374;44,9084985381629
296;255;48,64581236333345;44,911079637235844
296;256;48,65267029878197;44,909712888488045
296;257;48,66859204523772;44,91704458985786
296;258;48,680482094858235;44,91931471561019
296;480;49,940269543698484;45,580194234277826
297;224;48,49784606798402;44,861798735901004
297;234;48,52673005258942;44,876369150768525
297;259;48,77326609129666;44,93039391541944
297;260;48,795425402876454;44,934698531084784
297;261;48,813804812973196;44,936883681070306
297;481;49,98672794969091;45,61910362377755
297;482;49,9793021143193;45,612557928145364
298;224;48,51098795768634;44,870312130864335
298;233;48,549779858343626;44,88723558656224
298;262;48,90508838449419;44,95470608711466
298;483;50,02468673689464;45,65463503338449
298;484;50,015326763023296;45,64254612809402
299;225;48,53479827967474;44,8808541128494
299;232;48,56501626058677;44,89049265672087
299;263;49,00914111597791;44,95444259618877
299;485;50,062460984179644;45,680202737511785
299;486;50,0553167965476;45,67865687348593
300;225;48,55667287183145;44,88921183579666
300;231;48,58542307491789;44,89692297079354
300;264;49,16384327582623;44,98008042891933
300;487;50,10167585800718;45,714607537069945
300;488;50,088334493281224;45,703850570792284
300;489;50,08076573120908;45,69904946149804
301;225;48,577018687527165;44,89460040933694
301;230;48,612080793344795;44,905438822363564
301;265;49,28931701813764;44,94665305298255
301;490;50,12823626040067;45,74075857193321
301;491;50,11802406541222;45,731594158790756
302;218;48,56546387270672;44,891546905719395
302;219;48,57127208234803;44,89375408593113
302;220;48,5740264255911;44,8940544670014
302;225;48,60557900404704;44,903159576061256
302;229;48,633556650930295;44,906621984155336
302;265;49,44976649710942;45,01626373449786
302;492;50,15802261804799;45,7694642580232
302;493;50,149767774205074;45,760576247025405
303;217;48,571433538472235;44,8830488466787
303;221;48,60703430308293;44,902377469432736
303;225;48,637808941960564;44,90886661096209
303;228;48,66578198723286;44,916423997219106
303;266;49,603098429920195;45,036129967109815
303;494;50,18860942778999;45,80262818919749
303;495;50,17865441675902;45,79094911041136
304;216;48,60493998714631;44,90332549737342
304;221;48,642079869487496;44,91093824750804
304;225;48,675257553158275;44,914946450203
304;226;48,69254512979694;44,92204580533629
304;227;48,668193410711496;44,8821607705787
304;266;49,71038393959953;45,073029301215456
304;496;50,219386112402965;45,83277576120866
305;216;48,63444014371756;44,909732081305606
305;221;48,67478363425083;44,91432024379805
305;266;49,802465052312726;45,09987438430573
305;497;50,25412623966202;45,870287206773426
306;216;48,668331858944335;44,9171614174582
306;222;48,73896689200901;44,92631051745141
306;266;49,89740239376992;45,12679412018136
306;497;50,29867942446559;45,9256204507249
307;217;48,72443442836092;44,92581224112001
307;222;48,791180038121645;44,93499386585554
307;266;49,98960894049549;45,15879038022224
307;497;50,33461283205683;45,97157698832305
308;217;48,77326609129666;44,93039391541944
308;223;48,851548427324374;44,94328840291145
308;266;50,08341043590594;45,16770061057196
308;498;50,363305090830764;46,00990736639911
309;217;48,82315541465274;44,93977528854004
309;224;48,902079977832045;44,93542631830285
309;225;48,93412738258054;44,95931723919749
309;226;48,95130353495136;44,9608915789682
309;266;50,21616239256516;45,217744917549716
309;499;50,389371945961486;46,04578130364489
310;217;48,86466217503507;44,941675579512335
310;227;49,03437949002026;44,972085891105124
310;228;49,05396935330275;44,96797401674205
310;267;50,37508307972155;45,26374425456063
310;499;50,41402373247033;46,09244183379226
311;217;48,902079977832045;44,93542631830285
311;229;49,1526148942436;44,97361725245839
311;266;50,43314085739283;45,27748413091355
311;270;50,634154034872516;45,34148423329906
311;499;50,422507332697535;46,13311765352474
312;217;48,971612545869974;44,965773070706554
312;230;49,26164644714038;44,99024868804256
312;231;49,30157409333611;45,00090719737381
312;232;49,28931701813764;44,94665305298255
312;266;50,54087279349958;45,30868886986228
312;269;50,63034739410536;45,271961234895045
312;271;50,79089393806474;45,38533827295945
312;499;50,44759675967597;46,19445319435663
313;218;49,05325115989197;44,97305593329288
313;233;49,44635200583262;45,019062501606065
313;234;49,478486595360465;45,02595625619158
313;235;49,50813721233174;45,03042555887413
313;266;50,63830719355121;45,343373229683756
313;269;50,78944875258781;45,38505352944964
313;272;50,957965768108814;45,43178999897275
313;498;50,46904727587201;46,25753793628817
314;202;48,86352615171458;44,94698385397754
314;203;48,87493722617625;44,9488783215551
314;204;48,888277056277055;44,95122265764021
314;205;48,8982044222811;44,95157425395114
314;206;48,9131074600509;44,956234839644374
314;218;49,12461684994372;44,97963350455747
314;236;49,618504546165745;45,04914775505766
314;237;49,64721531533098;45,05783627388175
314;266;50,73787225086814;45,36631070925402
314;269;50,89315819050295;45,415091332780605
314;272;51,07099248728821;45,46452430180989
314;497;50,49444564668542;46,316161492837765
314;498;50,49446487811914;46,31328870577237
315;201;48,8941681673362;44,95317420957956
315;207;48,97013607562065;44,95811012356882
315;208;48,987761178527535;44,96335311902902
315;219;49,219465285117735;44,986933696713315
315;238;49,73697581346789;45,077801800664936
315;239;49,76160888331941;45,08173557163833
315;240;49,79330513342733;45,09901329647932
315;241;49,819264521521106;45,10458701865598
315;242;49,84855714808171;45,112732336332115
315;243;49,85178020599153;45,09256214591745
315;244;49,90770973081279;45,132475702876334
315;245;49,93619505733905;45,140906925918955
315;246;49,96600833231649;45,15046357820742
315;247;49,988490513392854;45,15023486331518
315;248;50,02733203097746;45,16501952324751
315;249;50,06948951463764;45,18070193342228
315;250;50,11124103387494;45,19070027982346
315;251;50,15201941713667;45,198729151229195
315;252;50,198029831976804;45,21339827937144
315;266;50,83497735809316;45,398498907365905
315;269;51,000228563391175;45,440998524150224
315;272;51,1761545777997;45,49947773698103
315;490;50,57113413245105;46,461271808168405
315;491;50,56256891347179;46,447409613063236
315;492;50,5585030448689;46,43723506976988
315;493;50,541467909800524;46,41392191074725
315;494;50,54144165297018;46,4089298195236
315;495;50,52701628923322;46,388512818308875
315;496;50,525914826783165;46,38002043885513
316;200;48,92525969529086;44,95621645511191
316;208;49,04970223668721;44,97212978417031
316;220;49,28931701813764;44,94665305298255
316;253;50,334324182549395;45,25012604021704
316;266;50,9373660353491;45,42612112246927
316;267;50,995024875621894;45,44073492458538
316;268;51,05046613896218;45,45855607433203
316;271;51,22234558110847;45,51615451565228
316;489;50,60900336675959;46,529067039890265
317;199;48,95374201478455;44,95714814164391
317;208;49,11544256446669;44,97675220894417
317;221;49,4336023604964;45,0169304349924
317;254;50,467751815874685;45,28727055854522
317;255;50,511555835697024;45,30000552961439
317;256;50,55258963445606;45,309715682576154
317;257;50,600234774686385;45,32389365431936
317;271;51,32363270564566;45,54638481651554
317;489;50,63980793622033;46,58114798264553
318;199;49,0079799203739;44,967028353391164
318;208;49,18214731152993;44,98383735230846
318;222;49,539982280284214;45,03579343652222
318;258;50,72879691336373;45,364228091967036
318;259;50,779224196915735;45,38323699253884
318;267;51,19579310830808;45,50525820535189
318;268;51,25531952401939;45,52708582306228
318;269;51,31460376825912;45,5502547985362
318;270;51,37981074782854;45,57702080078737
318;489;50,67153946604759;46,637752305863785
319;199;49,06500926230502;44,972401581082515
319;207;49,22681430650863;44,98879819981119
319;222;49,603098429920195;45,036129967109815
319;260;50,91887998875773;45,420813493466916
319;261;50,96968099129976;45,43279542051613
319;262;51,024919105233536;45,44921080382383
319;263;51,07646831122216;45,46359783417475
319;264;51,1298568687171;45,48394148340993
319;265;51,181333004544335;45,500787901572636
319;266;51,223115577889445;45,49881765995853
319;489;50,69490940779202;46,688734720820214
320;200;49,14900065814542;44,98016527383546
320;206;49,27405879498024;44,99306183010228
320;223;49,684379948147765;45,05203114615866
320;489;50,71618846873694;46,7446866166152
321;200;49,21019439343013;44,98634070496122
321;206;49,34800180392701;45,00100969437942
321;222;49,733322893830255;45,08074277919011
321;488;50,7349195954304;46,81695660495547
322;200;49,27504203282894;44,99382833571741
322;206;49,42192950486802;45,013031758153794
322;222;49,794523647884134;45,09893780862102
322;489;50,743342858702974;46,84958367984581
323;200;49,34789773121488;45,001092598961904
323;206;49,494703389830505;45,02924599643972
323;222;49,85328387063065;45,11361480361218
323;489;50,762839081087975;46,91439774296011
324;200;49,418357253180154;45,014048651282586
324;206;49,5592083543292;45,038470192544445
324;223;49,93884522211959;45,14149632962917
324;489;50,787042777433356;46,976582592510894
325;200;49,48906022087935;45,02734116263674
325;205;49,59972537500217;45,04717640879278
325;224;50,02528643426399;45,16923348828137
325;488;50,80605927792691;47,04134630508484
325;489;50,80033223197824;47,02320488044297
326;199;49,5272209290206;45,032800787120934
326;204;49,63857495566297;45,05514042729698
326;224;50,08341043590594;45,16770061057196
326;487;50,846688493406255;47,11714205381795
327;199;49,59048248053393;45,042613796682225
327;204;49,69295392482563;45,06886115449004
327;223;50,13812608020111;45,19547019079339
327;486;50,88026168703843;47,182905083244606
328;199;49,64827598198605;45,057377427433586
328;204;49,742609058796916;45,08364849041027
328;221;50,151573875242235;45,202190334782564
328;222;50,18538570355752;45,209581620425006
328;485;50,93520030830779;47,27606323115681
329;199;49,684379948147765;45,05203114615866
329;205;49,80890444351581;45,09954894977761
329;218;50,12925692541326;45,19700107242994
329;219;50,16196961760084;45,204518188320016
329;220;50,19140686402934;45,210324497119814
329;485;50,96229812409282;47,333342039522954
330;199;49,74580636180135;45,08520520132686
330;206;49,88517821678687;45,124736088684124
330;207;49,91050861633357;45,13326829852848
330;208;49,92875318066158;45,136049571017885
330;209;49,9533586642033;45,14745465658703
330;217;50,171212544527485;45,207483123549515
330;485;50,992255904642775;47,394523450850805
331;199;49,79152810905862;45,092126305545406
331;210;50,02733203097746;45,16501952324751
331;217;50,230494966442954;45,20915928128454
331;485;51,021050886789325;47,453635893493406
332;198;49,8262466917398;45,10686285255069
332;211;50,126186985057956;45,195851246287
332;212;50,15811712120683;45,20335340490365
332;216;50,27976929126977;45,23473547997272
332;468;51,36109765639554;47,96504236831915
332;485;51,06061332497372;47,52030456741731
333;195;49,81817390395933;45,10497561921413
333;196;49,839059643012625;45,110988092215386
333;197;49,857060749616835;45,1174110193948
333;213;50,256321537789425;45,22840636433556
333;214;50,28837615801433;45,23684730351612
333;215;50,31450400363649;45,24425850708015
333;467;51,43330096724801;48,061980376460426
333;469;51,38854393913968;48,00368350272395
333;485;51,08925571003896;47,57478251809272
334;195;49,86820287734699;45,12168490643926
334;198;49,92846438031507;45,13840406857205
334;466;51,50285372106514;48,1568977036229
334;469;51,43880485527544;48,069103494897725
334;484;51,14450610432852;47,655850426574105
335;195;49,915048966646914;45,13247824895295
335;196;49,93619505733905;45,140906925918955
335;197;49,956511129316205;45,14962941365294
335;199;49,988490513392854;45,15023486331518
335;464;51,58481430742958;48,272899178377614
335;465;51,58021380345086;48,26728395123664
335;470;51,46428704914969;48,1051527726186
335;484;51,1814814128804;47,714079918390816
336;200;50,078618162784615;45,185200478239764
336;463;51,65447605437828;48,36352361761539
336;471;51,485964354509925;48,136820707360904
336;483;51,23869962146515;47,797663037555054
337;201;50,1711806101245;45,2079281703634
337;462;51,71120486693161;48,46453584924034
337;471;51,53068754331092;48,1967989846698
337;481;51,320774726501455;47,91193270400537
337;482;51,30114904060687;47,88290504694334
338;201;50,23540716669287;45,22438464020825
338;461;51,77376436618921;48,540594559439086
338;471;51,585036948122585;48,27076242967156
338;480;51,38540559688275;47,99805923256359
339;202;50,32237704774726;45,2479081943587
339;203;50,344430844553244;45,25109240555641
339;460;51,83564959252747;48,60453211407803
339;471;51,55637669713039;48,24107068072176
339;472;51,58442021506183;48,273245081870904
339;473;51,583828797569254;48,270644445680745
339;474;51,55310455985157;48,23065430937156
339;478;51,472651138445435;48,11875534944454
339;479;51,445077633078604;48,08128102629179
340;204;50,43487314085739;45,27859616091517
340;205;50,46176733115144;45,28489810955229
340;460;51,86396773399481;48,637048549495006
340;475;51,58607948684285;48,27173619403424
340;476;51,55336894386655;48,23059454197326
340;477;51,53598052069676;48,20449982870014
341;206;50,54899213674016;45,31118771216788
341;460;51,923759335784965;48,69260723787341
342;207;50,62935702644446;45,33800122447578
342;208;50,66452834157114;45,35059575993626
342;209;50,63034739410536;45,271961234895045
342;210;50,71374213119641;45,35903245266042
342;214;50,8339388833307;45,39786918099925
342;215;50,86583096316584;45,40720378637668
342;216;50,89875662955288;45,418097084337134
342;217;50,93174990777015;45,423918353622405
342;460;51,975611607735964;48,74358907355239
343;211;50,800347465955355;45,38456722321444
343;212;50,83210179903467;45,397539407084686
343;213;50,863606039325845;45,406227715669864
343;218;51,03028384509866;45,45181786655705
343;460;52,01978222450259;48,78245310916202
344;219;51,12669882402648;45,48256214654345
344;220;51,15692800788955;45,493398182828244
344;460;52,07387671988886;48,82603132557723
345;221;51,258594548852294;45,52874043911429
345;460;52,12242759146341;48,86524261709474
346;221;51,321083274523644;45,55411866879122
346;460;52,17985460512507;48,91491262339318
347;221;51,39041228922045;45,580656334719706
347;460;52,22480842362744;48,95478906645522
348;221;51,46233100645047;45,61104522449166
348;459;52,31695548109143;49,04139427108604
349;220;51,49268033946252;45,6186038646335
349;458;52,40112463056078;49,132689816217905
350;219;51,52130312516581;45,63196951216297
350;436;53,065561549779304;50,05261280804654
350;437;53,04078313016893;50,000083512317296
350;458;52,44763698564317;49,18555355994717
351;219;51,59295388156148;45,655855027231624
351;230;52,12285576871693;45,8969870467681
351;231;52,17371770872332;45,917862291891375
351;435;53,095073261874326;50,15157091472719
351;438;53,04311595623701;50,01357334842135
351;439;53,0242469348584;49,96902091381155
351;440;53,0075913208507;49,9286433074532
351;457;52,488556388947806;49,23757151373934
352;219;51,66840305462535;45,68912428904593
352;229;52,14740105846505;45,90952520261011
352;232;52,32521167518131;45,98905286469633
352;435;53,11701687705548;50,208360574187424
352;441;53,00438441965159;49,934443031429446
352;449;52,81387031565853;49,63357366442485
352;450;52,78347412370133;49,59722807037573
352;451;52,75292953593047;49,557191495128514
352;452;52,72916707049953;49,526671955603334
352;453;52,686637997830466;49,47557688886696
352;454;52,668859436973975;49,44786753284497
352;455;52,63608769623386;49,40564910314834
352;456;52,6145690504239;49,375137505106935
353;219;51,73733397173308;45,71793969487973
353;228;52,17437652637396;45,92135270090526
353;232;52,405976715489025;46,026326707588886
353;436;53,11519520939211;50,21719409446353
353;442;53,01818502133657;49,95401834050832
353;443;52,99585378733058;49,90938046161944
353;444;52,97789893305194;49,86895399808424
353;445;52,95000781127949;49,82672875450678
353;446;52,93351022319338;49,794278558941016
353;447;52,874500165798665;49,727434766226736
353;448;52,874734607218684;49,71855524984185
354;219;51,8072656929384;45,75048377141953
354;228;52,25991826245248;45,96033750378289
354;232;52,483620936560214;46,066406743431486
354;437;53,12244616506098;50,2295406870414
355;220;51,918085219801696;45,804802491497625
355;221;51,96275687975539;45,82740348042009
355;228;52,3393195382581;45,99205208468409
355;232;52,56453809216656;46,11148041033098
355;438;53,118799392995804;50,23218863457368
356;222;52,089337227109226;45,88024964524205
356;223;52,14192042478128;45,90764576750166
356;228;52,42473887537559;46,042020724931625
356;232;52,62751744050501;46,14132828240535
356;439;53,122304568928136;50,242552397687156
357;224;52,278629701697696;45,96725393928069
357;228;52,49778000572902;46,07410417849458
357;232;52,69535175879397;46,18073743046358
357;439;53,13913832915589;50,29840439801715
358;225;52,41437896807655;46,032404023071045
358;226;52,46546046744694;46,057802585163294
358;227;52,518204122566665;46,081532164308996
358;231;52,71114182627583;46,18824908752998
358;440;53,13907859934468;50,30124639896696
359;231;52,7439649129114;46,186028500264506
359;440;53,1489811648912;50,354231293960446
360;230;52,7910265394498;46,232610684125696
360;440;53,16107263012072;50,40727890563585
361;229;52,81011338927923;46,250689530221734
361;441;53,15935947427802;50,4087781240022
362;229;52,85801125838534;46,27720301693527
362;441;53,16915058068096;50,45796595217759
363;228;52,87547217325611;46,2877526707083
363;442;53,15718307625203;50,45584305380873
364;228;52,925197984161265;46,32289968609449
364;442;53,17674843216639;50,51056342502387
365;227;52,937324501403985;46,33663992001208
365;443;53,167189485387546;50,50926503188283
366;227;52,978531032743774;46,36782065329671
366;443;53,185690152042135;50,56524502767218
367;226;52,99003926654419;46,37993075763878
367;443;53,18697633689573;50,60639437676157
368;225;52,99816242703754;46,38411927684159
368;443;53,193532318482504;50,6594818759627
369;225;53,03486129386953;46,41965540114369
369;443;53,202513966480446;50,70449152254129
370;224;53,04679501045497;46,43555347554301
370;443;53,1975066927718;50,74544945396776
371;223;53,02777627473261;46,4065669248973
371;443;53,21083481705244;50,79788785809978
372;223;53,08558339195209;46,47414550828409
372;443;53,21510544973863;50,845354659770784
373;222;53,09195858436451;46,48005553485024
373;443;53,233979823101144;50,89390910100513
374;222;53,122252301028695;46,51778682718726
374;442;53,113415150232754;50,885077666287735
375;221;53,12932045844238;46,52628792692855
375;442;53,26564261555806;51,04928826747454
376;221;53,16189323894828;46,563851631205246
376;441;53,255597692338725;51,11024394759615
377;221;53,19569655471446;46,6094786587303
377;441;53,260445485571196;51,1536210530599
378;221;53,22307177846465;46,64777365727557
378;440;53,27620261874406;51,24170045020582
379;221;53,24422621308303;46,676847799992046
379;439;53,280930553301964;51,32307911890655
380;221;53,26817926866779;46,71339365620358
380;439;53,295747488074696;51,37192320954523
381;221;53,2906122153434;46,75110603648592
381;438;53,30780338004108;51,457725846407065
382;221;53,311680550525175;46,78837331354734
382;437;53,313214467651555;51,5430620515791
383;222;53,34962842124343;46,85253496814768
383;436;53,31365743103906;51,623180505199926
384;223;53,39726002540374;46,9209765460377
384;224;53,41884531590414;46,95135874334288
384;351;60,18063061971353;57,71405851986774
384;352;59,988863658324476;57,63197323721492
384;353;59,802865743527995;57,55522003795778
384;354;59,6146958567382;57,47891056056853
384;358;58,97954432063862;57,19504796622754
384;359;58,843981887579716;57,13036184745532
384;360;58,69623935666982;57,06545184917627
384;361;58,55585708891826;56,999771424750634
384;362;58,42194857788661;56,928110689465704
384;363;58,282549972987574;56,85659341654017
384;364;58,153375670798866;56,782549625179676
384;365;58,02183518410286;56,70843196676724
384;366;57,89779591836734;56,63327646627281
384;367;57,769449097338544;56,55686665015753
384;368;57,645719722460726;56,47533647437217
384;369;57,51306440787799;56,39064551130157
384;370;57,38326601269475;56,31212637495787
384;371;57,25794792697806;56,22879800365303
384;372;57,14486163738661;56,14809130658525
384;373;57,04383492587246;56,0670975092024
384;387;55,64508755187643;54,8338532708323
384;388;55,54287739192063;54,74844965697673
384;389;55,43547353298707;54,66519174510108
384;390;55,3233639912658;54,58351583731928
384;391;55,21954870665933;54,50515376877905
384;434;53,32148269506451;51,746165889907374
384;435;53,32252521326433;51,7045630961746
385;225;53,469461208463606;47,01969287178166
385;345;61,116011623325456;58,204679232225516
385;346;60,961263540566435;58,13075511251513
385;347;60,820351358635726;58,04856560956057
385;348;60,66838580367618;57,95628544380027
385;349;60,51984301106723;57,87437985407245
385;350;60,363609841485946;57,79610721341762
385;355;59,460396513743895;57,414298928739306
385;356;59,29687910408558;57,34299234252086
385;357;59,14363982848975;57,270864962933196
385;374;56,966854241010154;56,00588691309178
385;375;56,86134185303514;55,924875751499066
385;376;56,74099458080969;55,83450936658621
385;377;56,66367600963067;55,757191663272955
385;378;56,570803581548226;55,67685940838177
385;379;56,48533303177655;55,59744454007245
385;380;56,3846119133574;55,503716885597285
385;381;56,29633465417867;55,41852355608046
385;382;56,201693887179026;55,3292810933744
385;383;56,090711387126426;55,23376223379155
385;384;55,99968693396543;55,14776606339211
385;385;55,89357667164945;55,05385611822458
385;386;55,7939893143366;54,96320787879451
385;392;55,16264596573791;54,46073619594303
385;393;55,05878348704436;54,37840658875016
385;431;53,32662344344963;51,90932472558879
385;432;53,34814860477541;51,88142409926519
385;433;53,32630606589346;51,827302073810046
386;226;53,53406753435879;47,09058137406886
386;227;53,56102537941589;47,11952762193884
386;228;53,594237782640405;47,15327424912495
386;319;60,052963764859676;50,46590232400963
386;320;60,164207812404086;50,518625014082964
386;321;60,26234985446644;50,56937388102029
386;322;60,354549934296976;50,622509841202756
386;323;60,43930921052632;50,68026849105519
386;324;60,5174089402269;50,72970831126509
386;325;60,612114837272614;50,7794909159265
386;326;60,71505598479527;50,82898755894484
386;327;60,81959274894462;50,87061482064544
386;328;60,913179547762645;50,91295699948511
386;329;61,019574874413586;50,95364577685812
386;330;61,129579573335555;50,99107846645838
386;331;61,23517650734146;51,024080616990084
386;332;61,34022317238502;51,05978948236835
386;333;61,44372728412082;51,097108554985994
386;334;61,54761904761905;51,13291174527662
386;335;61,68473680900572;51,172240894847825
386;336;61,81425000525133;51,210675562732995
386;337;61,95025577331958;51,247740994941964
386;338;62,08499599274476;51,298457799450055
386;339;62,230026208995604;51,35335442799322
386;340;62,34420535411725;51,3976307966805
386;341;62,46927646934012;51,45382922331997
386;342;62,596100693115616;51,522947427309454
386;343;nan;nan
386;344;61,279479647503145;58,28857851173282
386;394;55,016098609466155;54,33958221885027
386;395;54,9320430860846;54,261414874510955
386;396;54,84581594073038;54,18302289547137
386;397;54,74645030425963;54,09700563795095
386;429;53,387613542526836;52,05681648160136
386;430;53,372865979381444;52,00929399331498
387;229;53,647123287671235;47,22573642858567
387;230;53,67279606646073;47,26222277184918
387;311;59,18473473675704;50,19893045880751
387;312;59,30075416001132;50,236193230888624
387;313;59,40019432805004;50,26448542191145
387;314;59,50797543525406;50,293393164192274
387;315;59,60019907774189;50,298485527637126
387;316;59,741279069767444;50,34891921399363
387;317;59,862041580972935;50,38385396198001
387;318;59,9713230944951;50,427392326414136
387;398;54,707029547633574;54,0660765619309
387;399;54,54853956568143;53,94413068801791
387;400;54,52730390241785;53,90431824333462
387;401;54,4402711893777;53,829406262904875
387;402;54,36068656910007;53,74985938749919
387;427;53,42258572790978;52,167398636638104
387;428;53,42542534255082;52,14374665458923
388;231;53,757952568446115;47,34229872907885
388;232;53,77950259333248;47,37882752816566
388;233;53,79536325452578;47,40654212640778
388;234;53,822255263689264;47,45245110313093
388;235;53,85394084144773;47,50166378429419
388;300;58,33469729934729;49,92272713022732
388;301;58,42463316140898;49,95239014478339
388;302;58,516807816285265;49,98083975084348
388;303;58,60472295726085;50,01047679653607
388;304;58,68958111715473;50,03831963184763
388;305;58,75101942430147;50,062656618741435
388;306;58,8134536901148;50,08364167432343
388;307;58,88843723588361;50,111621993633086
388;308;58,962317731410614;50,138779547798386
388;309;59,04497621159584;50,16544249176884
388;310;59,13027422967492;50,19169479261683
388;403;54,32681093689258;53,718384818806896
388;404;54,242936270178234;53,641676141032676
388;405;54,17077892744208;53,56733038877932
388;406;54,11102044322281;53,49757399293729
388;424;53,54084888935238;52,39066098834313
388;425;53,51403406488152;52,337837762670326
388;426;53,492755430828396;52,286848390479946
389;236;53,904133539458186;47,576364757122626
389;237;53,93251059126911;47,61473346024787
389;238;53,956451196578044;47,65095915004532
389;239;53,98673235901978;47,69272423722935
389;240;54,019797591785476;47,73600731001242
389;293;57,763385010368324;49,68470195433289
389;294;57,84595909648325;49,71909548077389
389;295;57,92514216647843;49,75290012349977
389;296;58,01674835790685;49,79257908526624
389;297;58,102685404202035;49,831863742427366
389;298;58,18429592466504;49,866763684654345
389;299;58,27843684577809;49,90722498957319
389;407;54,08568669527897;53,465908044531545
389;408;54,04551005978016;53,400424231921946
389;409;53,991292255027815;53,32384077695842
389;417;53,731756799594244;52,81963642466699
389;418;53,697970292851714;52,75564002383099
389;419;53,619158041191476;52,668898746707534
389;420;53,64339928095368;52,64543276535922
389;421;53,60859799743907;52,58131975426321
389;422;53,59177003017097;52,52893700856538
389;423;53,575982596690864;52,47840916050318
390;241;54,09032043217642;47,81243978973125
390;242;54,138433616682406;47,85880498816864
390;243;54,18058259628043;47,89012798348284
390;244;54,23885362141293;47,93584697380017
390;245;54,297273690274864;47,9772774666986
390;246;54,358713855085405;48,02263228065099
390;247;54,41461279084931;48,063136189907524
390;248;54,467545790278656;48,10602763671154
390;268;55,753834999618405;48,95081146078124
390;269;55,83902886286795;48,99177567807282
390;270;55,92795791487327;49,02620790446933
390;271;56,01871719222959;49,058963326821974
390;272;56,109868181207666;49,09129566499162
390;273;56,18618370484243;49,12174343071134
390;274;56,23870023870024;49,134962257007366
390;275;56,33518283050129;49,18962341325335
390;276;56,393318674536125;49,22458239272727
390;277;56,45905755117806;49,257907471536775
390;278;56,52306442566196;49,28481258752602
390;279;56,60078239987605;49,32000432758041
390;280;56,681025621133074;49,35091914772302
390;281;56,76349015189775;49,37808321806261
390;282;56,85067890907676;49,408566376447645
390;283;56,92360137135733;49,42711193936068
390;284;57,01339808097355;49,45093168566866
390;285;57,10103890017185;49,471118486457286
390;286;57,19885774639623;49,50095176281739
390;287;57,28246606999471;49,5237147578268
390;288;57,371081643061714;49,544098961822286
390;289;57,465053235375;49,5744750530231
390;290;57,555540253403635;49,60390170948387
390;291;57,63746699767506;49,63253101326409
390;292;57,72045068866175;49,66705331534306
390;410;53,9776818162384;53,30005179542529
390;411;53,922092055566225;53,22757914921523
390;412;53,859621081346035;53,1483026417264
390;413;53,83898142829791;53,096714131428875
390;414;53,818888605658934;53,037062746077154
390;415;53,79423431832163;52,9724594416812
390;416;53,77191941873027;52,915532483330416
391;249;54,574442637962285;48,18969690401353
391;250;54,637880715408215;48,23898311003326
391;251;54,694895569916646;48,27643396338129
391;252;54,75799737483593;48,32270008597117
391;253;54,81090922741948;48,362790987858006
391;254;54,87179872606678;48,40677474451516
391;255;54,922732573449196;48,44595953714584
391;256;55,009917946401686;48,521648954794124
391;257;55,04528920635519;48,5304609725718
391;258;55,1086919608324;48,574020255276835
391;259;55,16831944995372;48,61219870029278
391;260;55,238352745424294;48,661973053798796
391;261;55,30767920027264;48,70047127732833
391;262;55,38227488151659;48,74140496393276
391;263;55,45965078762573;48,79158381249149
391;264;55,526300786743185;48,83153271480833
391;265;55,593154229613;48,86742258250137
391;266;55,665872940280025;48,908610143156785
391;267;55,730065795747116;48,94096395380484
