Image;Center_X;Center_Y;Major_Axis;Minor_Axis;Angle
BraTS20_Training_001_axial;308.9979248046875;314.00030517578125;123.92434692382812;165.89500427246094;89.99998474121094
BraTS20_Training_001_coronal;308.9990234375;393.01434326171875;145.90187072753906;171.98431396484375;90.00007629394531
BraTS20_Training_001_sagittal;412.995361328125;385.0234069824219;118.03596496582031;186.01605224609375;36.0454216003418
BraTS20_Training_002_axial;260.99298095703125;370.0111083984375;82.18628692626953;98.12450408935547;163.0879364013672
BraTS20_Training_002_coronal;259.98638916015625;416.9866943359375;82.21692657470703;139.92367553710938;165.98825073242188
BraTS20_Training_002_sagittal;336.0095520019531;418.9673156738281;111.99051666259766;148.05441284179688;16.896785736083984
BraTS20_Training_003_axial;567.0155029296875;212.99835205078125;46.090091705322266;64.11265563964844;113.78042602539062
BraTS20_Training_003_coronal;561.96826171875;345.96868896484375;64.04491424560547;88.1275634765625;149.88185119628906
BraTS20_Training_003_sagittal;533.0;354.013671875;66.06770324707031;76.02686309814453;0.0
BraTS20_Training_004_axial;534.005859375;193.0148468017578;110.0676498413086;115.91796875;21.318763732910156
BraTS20_Training_004_coronal;548.00341796875;282.0413513183594;100.09481048583984;160.0162811279297;169.92381286621094
BraTS20_Training_004_sagittal;553.9945068359375;282.0213928222656;105.87068176269531;154.07154846191406;32.007503509521484
BraTS20_Training_005_axial;540.0014038085938;187.0221405029297;70.15521240234375;85.89593505859375;40.84529113769531
BraTS20_Training_005_coronal;538.9896850585938;240.0064239501953;93.83089447021484;124.11199188232422;15.051473617553711
BraTS20_Training_005_sagittal;573.017822265625;228.02621459960938;97.8863525390625;130.2256622314453;0.011685320176184177
BraTS20_Training_006_axial;472.9908142089844;418.0306701660156;109.95744323730469;164.141357421875;13.854225158691406
BraTS20_Training_006_coronal;482.00189208984375;245.037353515625;116.11632537841797;174.1301727294922;179.99606323242188
BraTS20_Training_006_sagittal;280.9833068847656;242.01470947265625;177.95936584472656;187.9262237548828;89.9944076538086
BraTS20_Training_007_axial;536.0125732421875;243.01109313964844;77.93041229248047;96.04401397705078;89.99442291259766
BraTS20_Training_007_coronal;518.975341796875;406.999755859375;99.78338623046875;153.8753662109375;123.9346694946289
BraTS20_Training_007_sagittal;495.0097351074219;405.0407409667969;92.14437866210938;97.94998931884766;0.0029520264361053705
BraTS20_Training_008_axial;279.9947204589844;349.02728271484375;38.117740631103516;47.97245788574219;90.15579986572266
BraTS20_Training_008_coronal;279.0;479.9991760253906;48.22686767578125;52.03556442260742;0.0
BraTS20_Training_008_sagittal;361.0041198730469;479.0420837402344;42.091468811035156;54.21253204345703;9.635505676269531
BraTS20_Training_009_axial;289.99786376953125;254.0015869140625;142.017822265625;151.8758087158203;90.00011444091797
BraTS20_Training_009_coronal;285.99481201171875;366.9913024902344;151.90335083007812;178.0561065673828;13.726850509643555
BraTS20_Training_009_sagittal;485.0013732910156;374.02001953125;150.04446411132812;172.06027221679688;17.94887924194336
BraTS20_Training_010_axial;279.00787353515625;265.9822082519531;51.982810974121094;85.99475860595703;68.77885437011719
BraTS20_Training_010_coronal;279.01055908203125;290.9961853027344;78.15496826171875;91.95616912841797;0.0013772186357527971
BraTS20_Training_010_sagittal;474.0040588378906;289.0344543457031;70.01103210449219;94.11784362792969;4.069747228641063e-05
BraTS20_Training_011_axial;495.00494384765625;216.0162353515625;74.08802032470703;90.18258666992188;90.00685119628906
BraTS20_Training_011_coronal;487.9871826171875;354.0323791503906;94.13370513916016;147.994140625;160.09439086914062
BraTS20_Training_011_sagittal;530.0125122070312;352.01849365234375;92.0958023071289;137.8805694580078;11.018515586853027
BraTS20_Training_012_axial;554.9847412109375;305.9977722167969;73.92186737060547;96.1827392578125;116.70803833007812
BraTS20_Training_012_coronal;549.0075073242188;353.0125732421875;74.16836547851562;91.76831817626953;24.781539916992188
BraTS20_Training_012_sagittal;416.98394775390625;354.00634765625;89.89581298828125;92.13985443115234;90.02926635742188
BraTS20_Training_013_coronal;462.99560546875;291.98980712890625;96.1597671508789;111.78816986083984;4.7096385969780385e-05
BraTS20_Training_014_axial;246.99703979492188;279.01715087890625;144.12698364257812;163.91603088378906;149.9270782470703
BraTS20_Training_014_coronal;250.04515075683594;433.9933166503906;108.03814697265625;125.93316650390625;90.0003433227539
BraTS20_Training_014_sagittal;441.0093688964844;447.00909423828125;98.10565948486328;161.94027709960938;67.13522338867188
BraTS20_Training_015_axial;525.9956665039062;296.0020446777344;87.93061065673828;106.12586975097656;159.82925415039062
BraTS20_Training_015_coronal;524.00537109375;357.9674072265625;80.09310150146484;132.00218200683594;11.975346565246582
BraTS20_Training_015_sagittal;429.0199890136719;367.0491638183594;97.97411346435547;130.14280700683594;60.1356086730957
BraTS20_Training_016_axial;275.9990539550781;233.9887237548828;117.92060089111328;143.95753479003906;76.24746704101562
BraTS20_Training_016_coronal;273.00103759765625;235.01522827148438;129.98123168945312;140.08419799804688;167.79251098632812
BraTS20_Training_016_sagittal;504.98974609375;235.0028076171875;146.0675048828125;162.0435791015625;24.2514591217041
BraTS20_Training_017_axial;569.994873046875;294.0069885253906;80.14656829833984;123.91294860839844;179.9999237060547
BraTS20_Training_017_coronal;573.0498046875;342.9998474121094;83.9876708984375;86.0900650024414;89.99526977539062
BraTS20_Training_017_sagittal;434.98040771484375;336.0216369628906;98.04254150390625;143.98977661132812;97.94700622558594
BraTS20_Training_018_axial;354.0175476074219;220.0;45.86347961425781;48.29071807861328;0.0
BraTS20_Training_018_coronal;348.01251220703125;320.94024658203125;54.13288116455078;105.97435760498047;168.93251037597656
BraTS20_Training_018_sagittal;526.9878540039062;321.01055908203125;72.06103515625;102.1845932006836;11.244573593139648
BraTS20_Training_019_axial;529.9910888671875;350.01727294921875;90.05630493164062;108.15696716308594;38.033199310302734
BraTS20_Training_019_coronal;535.0;398.0276184082031;91.89198303222656;133.97640991210938;0.0
BraTS20_Training_019_sagittal;362.0111083984375;398.015380859375;122.11820220947266;153.92227172851562;47.86528778076172
BraTS20_Training_022_axial;445.9921875;319.00555419921875;94.03217315673828;131.9993896484375;78.01245880126953
BraTS20_Training_022_coronal;455.0125732421875;231.03121948242188;117.99537658691406;146.13917541503906;179.99835205078125
BraTS20_Training_022_sagittal;402.0051574707031;247.0000762939453;108.0871810913086;174.09573364257812;13.975119590759277
BraTS20_Training_023_axial;493.0356140136719;256.0384216308594;82.09819030761719;109.89338684082031;134.9746856689453
BraTS20_Training_023_coronal;490.0165710449219;234.02517700195312;93.95426177978516;120.15226745605469;157.19937133789062
BraTS20_Training_023_sagittal;480.0074157714844;239.99722290039062;106.12626647949219;139.7881317138672;33.96342849731445
BraTS20_Training_024_axial;504.02972412109375;175.00552368164062;107.98944854736328;117.91106414794922;89.99934387207031
BraTS20_Training_024_coronal;499.9915771484375;228.98817443847656;101.82770538330078;142.1127166748047;22.04945182800293
BraTS20_Training_024_sagittal;579.9948120117188;234.99114990234375;130.12249755859375;143.89158630371094;23.860448837280273
BraTS20_Training_025_axial;467.0089416503906;296.98773193359375;115.97050476074219;122.08477020263672;21.15681266784668
BraTS20_Training_025_coronal;462.9896545410156;200.98760986328125;136.0220947265625;211.93934631347656;1.9725992679595947
BraTS20_Training_025_sagittal;426.02081298828125;195.00051879882812;158.06028747558594;221.87867736816406;10.907588958740234
BraTS20_Training_026_axial;300.0076904296875;404.0072021484375;99.96166229248047;102.09077453613281;89.97178649902344
BraTS20_Training_026_coronal;303.00274658203125;371.03350830078125;106.03596496582031;125.9058609008789;179.99600219726562
BraTS20_Training_026_sagittal;291.99920654296875;370.01654052734375;123.94157409667969;129.83160400390625;0.00048176132258959115
BraTS20_Training_027_axial;522.0022583007812;337.9806823730469;82.11064147949219;128.0087432861328;140.0644989013672
BraTS20_Training_027_coronal;518.027099609375;366.9994812011719;97.95433044433594;186.0667724609375;167.00991821289062
BraTS20_Training_027_sagittal;386.00579833984375;366.9899597167969;130.00473022460938;199.94293212890625;28.051233291625977
BraTS20_Training_029_axial;244.0142364501953;244.00704956054688;58.07598876953125;98.14939880371094;120.83175659179688
BraTS20_Training_029_coronal;238.9980926513672;336.0007629394531;88.08403778076172;96.00312042236328;135.8256378173828
BraTS20_Training_029_sagittal;502.97503662109375;334.9864807128906;78.15057373046875;104.1324462890625;31.03608512878418
BraTS20_Training_031_axial;438.9825744628906;208.00381469726562;84.15262603759766;137.87057495117188;157.89881896972656
BraTS20_Training_031_coronal;442.99871826171875;229.97396850585938;86.07210540771484;133.82846069335938;171.20494079589844
BraTS20_Training_033_axial;272.0379943847656;346.01226806640625;86.06462097167969;129.9354705810547;77.09402465820312
BraTS20_Training_033_coronal;273.0022888183594;225.98895263671875;121.96888732910156;163.94334411621094;20.93686294555664
BraTS20_Training_033_sagittal;360.00799560546875;232.9938507080078;129.90884399414062;172.09341430664062;19.979616165161133
BraTS20_Training_034_axial;450.9976501464844;396.9783935546875;106.05675506591797;124.01689910888672;26.095523834228516
BraTS20_Training_034_sagittal;296.98931884765625;189.9990234375;141.88995361328125;198.01864624023438;9.993722915649414
BraTS20_Training_035_coronal;258.9761962890625;393.0018005371094;98.09130859375;131.95114135742188;28.087669372558594
BraTS20_Training_036_axial;564.9807739257812;257.9783935546875;56.26008605957031;105.97041320800781;124.01029205322266
BraTS20_Training_036_coronal;571.997802734375;284.9957275390625;56.22706985473633;95.93472290039062;148.0850830078125
BraTS20_Training_036_sagittal;469.9624938964844;287.9906921386719;77.89549255371094;100.14020538330078;30.927196502685547
BraTS20_Training_037_axial;248.9928436279297;296.0092468261719;120.04397583007812;131.813720703125;108.50397491455078
BraTS20_Training_037_coronal;244.9853515625;340.0389099121094;120.03553771972656;139.93849182128906;82.77689361572266
BraTS20_Training_037_sagittal;434.9644470214844;335.00439453125;99.96487426757812;151.92742919921875;102.84441375732422
BraTS20_Training_038_axial;264.9853515625;197.01693725585938;84.16602325439453;156.08157348632812;36.87977600097656
BraTS20_Training_038_coronal;268.0061950683594;348.01434326171875;106.07523345947266;133.92694091796875;161.03927612304688
BraTS20_Training_038_sagittal;530.9948120117188;332.0176086425781;113.98450469970703;170.06361389160156;169.1075439453125
BraTS20_Training_039_axial;482.0169677734375;249.0143585205078;81.9905014038086;136.0722198486328;84.10299682617188
BraTS20_Training_039_coronal;486.00701904296875;301.0282897949219;117.96469116210938;164.01405334472656;152.99960327148438
BraTS20_Training_039_sagittal;489.0097351074219;307.01361083984375;101.99700164794922;156.03297424316406;12.109908103942871
BraTS20_Training_040_axial;417.0061950683594;442.99407958984375;160.12599182128906;172.01724243164062;41.820796966552734
BraTS20_Training_040_coronal;418.9832763671875;421.9781494140625;120.16071319580078;169.79876708984375;28.00975799560547
BraTS20_Training_040_sagittal;242.0233917236328;412.98858642578125;151.86050415039062;205.9258575439453;63.78582763671875
BraTS20_Training_041_axial;302.00848388671875;147.99661254882812;81.84979248046875;160.2383270263672;60.03428649902344
BraTS20_Training_041_coronal;299.9933776855469;449.0103454589844;138.0163116455078;155.9890594482422;162.287109375
BraTS20_Training_041_sagittal;622.9940795898438;433.97149658203125;133.9753875732422;146.02317810058594;158.07455444335938
BraTS20_Training_042_axial;454.9806823730469;190.98263549804688;113.98446655273438;131.9716339111328;128.64927673339844
BraTS20_Training_042_coronal;463.0037841796875;273.97003173828125;123.867919921875;183.9524383544922;163.96725463867188
BraTS20_Training_042_sagittal;562.9838256835938;278.9892272949219;143.8782501220703;197.9293670654297;16.883222579956055
BraTS20_Training_043_axial;324.0194091796875;308.97943115234375;60.05375671386719;88.01689147949219;105.97933197021484
BraTS20_Training_043_coronal;321.00286865234375;414.0052795410156;75.9740982055664;90.18587493896484;29.108186721801758
BraTS20_Training_045_axial;318.9950866699219;220.0098114013672;127.90397644042969;189.92666625976562;42.080718994140625
BraTS20_Training_045_coronal;319.9967346191406;282.9916687011719;126.04286193847656;213.8277130126953;27.047142028808594
BraTS20_Training_045_sagittal;534.0136108398438;273.0;163.8490753173828;217.8148651123047;47.987064361572266
BraTS20_Training_047_sagittal;298.9882507324219;296.993896484375;131.98870849609375;158.0612335205078;36.27512741088867
BraTS20_Training_048_axial;555.0660400390625;321.0019226074219;52.09811782836914;64.01313018798828;104.82787322998047
BraTS20_Training_048_coronal;556.9990844726562;430.0;64.23307037353516;68.22691345214844;0.0
BraTS20_Training_048_sagittal;399.01959228515625;429.0368347167969;56.14656448364258;71.89911651611328;36.96258544921875
BraTS20_Training_049_axial;467.986083984375;156.96388244628906;67.84281158447266;88.3199691772461;131.14767456054688
BraTS20_Training_049_coronal;468.9838562011719;293.0178527832031;76.03233337402344;114.11325073242188;149.93191528320312
BraTS20_Training_049_sagittal;610.0093383789062;291.01513671875;88.093505859375;121.9219970703125;23.697084426879883
BraTS20_Training_050_axial;256.0214538574219;230.9812774658203;124.1375732421875;158.0803985595703;55.12862777709961
BraTS20_Training_050_coronal;254.0074462890625;366.0188903808594;138.00979614257812;194.0074462890625;21.970596313476562
BraTS20_Training_050_sagittal;513.0039672851562;350.01348876953125;193.89942932128906;241.94114685058594;0.00022420051391236484
BraTS20_Training_051_axial;282.00323486328125;268.0193176269531;90.1031265258789;132.0396728515625;165.0640106201172
BraTS20_Training_051_coronal;273.993408203125;218.00839233398438;100.21216583251953;131.95338439941406;164.0311737060547
BraTS20_Training_051_sagittal;463.0013732910156;221.9923095703125;149.91595458984375;167.92147827148438;115.09626007080078
BraTS20_Training_052_axial;331.0146789550781;175.98886108398438;89.92976379394531;120.1888198852539;25.052024841308594
BraTS20_Training_052_coronal;330.9956359863281;223.0089111328125;97.91133880615234;130.0118865966797;12.116650581359863
BraTS20_Training_052_sagittal;578.006591796875;223.99139404296875;117.92965698242188;133.98074340820312;24.321914672851562
BraTS20_Training_053_axial;245.03363037109375;221.01185607910156;89.9876708984375;109.96263885498047;89.999755859375
BraTS20_Training_053_coronal;241.01123046875;291.0067138671875;113.94908905029297;120.11753845214844;145.4629669189453
BraTS20_Training_053_sagittal;529.0068969726562;296.016845703125;115.8950424194336;132.2495574951172;160.88333129882812
BraTS20_Training_054_axial;291.9956359863281;229.00515747070312;116.057373046875;142.02874755859375;113.05059051513672
BraTS20_Training_054_coronal;288.00921630859375;342.0201416015625;117.94059753417969;167.94406127929688;18.939193725585938
BraTS20_Training_054_sagittal;510.0130615234375;335.97381591796875;137.9930419921875;199.9866485595703;19.055845260620117
BraTS20_Training_055_axial;565.0166015625;229.9998016357422;80.1059799194336;114.16497039794922;89.99999237060547
BraTS20_Training_055_coronal;566.0140380859375;360.02105712890625;105.92159271240234;126.20923614501953;156.17173767089844
BraTS20_Training_055_sagittal;510.98638916015625;355.9882507324219;93.98737335205078;120.00975799560547;10.027812957763672
BraTS20_Training_056_axial;348.0218811035156;187.98458862304688;102.10733032226562;117.97416687011719;20.90894889831543
BraTS20_Training_056_sagittal;572.0076904296875;240.99522399902344;142.1191864013672;178.00927734375;31.077821731567383
BraTS20_Training_057_axial;447.9771728515625;236.0279998779297;70.06927490234375;76.00877380371094;21.394733428955078
BraTS20_Training_057_coronal;446.9982604980469;187.00111389160156;83.94681549072266;146.1919708251953;171.8978271484375
BraTS20_Training_057_sagittal;508.0027160644531;188.0238800048828;109.96715545654297;152.01564025878906;19.06047821044922
BraTS20_Training_059_axial;495.0325012207031;329.0425720214844;44.138309478759766;50.197139739990234;125.66350555419922
BraTS20_Training_059_coronal;500.02655029296875;356.9921875;40.129459381103516;60.09431838989258;165.9488067626953
BraTS20_Training_059_sagittal;389.03228759765625;355.0324401855469;56.13328552246094;64.06600952148438;152.0636444091797
BraTS20_Training_060_sagittal;472.01629638671875;371.97637939453125;121.98954010009766;162.0548095703125;42.2181510925293
BraTS20_Training_061_axial;370.9984130859375;272.9875793457031;76.1316146850586;105.97944641113281;64.16881561279297
BraTS20_Training_061_coronal;363.99212646484375;362.9797058105469;95.98664093017578;150.13955688476562;148.1507568359375
BraTS20_Training_061_sagittal;458.0220642089844;363.0179443359375;93.96336364746094;146.1529541015625;161.14486694335938
BraTS20_Training_062_axial;328.00079345703125;357.9878234863281;135.9559326171875;185.833251953125;73.94149017333984
BraTS20_Training_062_coronal;329.011962890625;251.01504516601562;165.90817260742188;187.9940643310547;142.07962036132812
BraTS20_Training_062_sagittal;348.0058898925781;244.00498962402344;174.0252227783203;183.97987365722656;154.8061065673828
BraTS20_Training_064_axial;287.99566650390625;328.9972839355469;143.84878540039062;151.9603729248047;154.5890655517578
BraTS20_Training_065_axial;575.0100708007812;307.00994873046875;61.857025146484375;72.22191619873047;90.00000762939453
BraTS20_Training_065_coronal;574.994140625;365.9913635253906;68.02165222167969;76.17351531982422;146.39260864257812
BraTS20_Training_065_sagittal;416.9841613769531;366.9968566894531;76.23580169677734;82.02745056152344;39.943084716796875
BraTS20_Training_066_axial;260.02081298828125;327.0215759277344;79.91720581054688;98.06179809570312;107.9251937866211
BraTS20_Training_066_coronal;252.99917602539062;287.0125732421875;94.02281188964844;120.20951843261719;50.11105728149414
BraTS20_Training_066_sagittal;381.01605224609375;275.9965515136719;69.97110748291016;102.19349670410156;70.01268005371094
BraTS20_Training_067_axial;472.00677490234375;175.0176544189453;120.10591888427734;146.00201416015625;150.89779663085938
BraTS20_Training_067_coronal;476.0029296875;212.9877471923828;136.0758056640625;239.90635681152344;172.05523681640625
BraTS20_Training_067_sagittal;573.0029907226562;220.010986328125;161.93630981445312;214.03469848632812;171.10568237304688
BraTS20_Training_068_axial;458.0184631347656;220.00367736816406;87.91158294677734;147.9366455078125;49.83736801147461
BraTS20_Training_068_coronal;468.9964904785156;342.0368957519531;92.04472351074219;147.87689208984375;169.85464477539062
BraTS20_Training_068_sagittal;534.9918212890625;337.0001220703125;147.92758178710938;147.96751403808594;96.89435577392578
BraTS20_Training_069_axial;454.013671875;242.9939727783203;118.05370330810547;138.050537109375;20.144824981689453
BraTS20_Training_069_coronal;462.9588623046875;217.0076446533203;107.9962158203125;127.90572357177734;152.76910400390625
BraTS20_Training_069_sagittal;494.9996643066406;230.00588989257812;130.00184631347656;197.97906494140625;54.96855545043945
BraTS20_Training_071_axial;441.9947814941406;385.0222473144531;82.1091079711914;102.0096206665039;23.187952041625977
BraTS20_Training_071_coronal;438.98211669921875;174.9998016357422;100.14694213867188;137.83706665039062;162.19686889648438
BraTS20_Training_071_sagittal;315.9811706542969;177.0035400390625;128.21231079101562;133.8857879638672;160.9037322998047
BraTS20_Training_072_axial;521.013427734375;199.98757934570312;116.14997100830078;143.79696655273438;27.68331527709961
BraTS20_Training_072_coronal;522.0038452148438;308.98846435546875;143.99261474609375;175.8406524658203;151.9866485595703
BraTS20_Training_072_sagittal;548.0028076171875;308.010986328125;157.99334716796875;196.07467651367188;54.08317565917969
BraTS20_Training_073_axial;508.0033264160156;237.98931884765625;99.81477355957031;144.01670837402344;120.04150390625
BraTS20_Training_073_coronal;525.0221557617188;301.0268249511719;101.94464111328125;105.95611572265625;179.98025512695312
BraTS20_Training_073_sagittal;487.9856262207031;294.9881896972656;112.06053924560547;121.93975830078125;143.3310089111328
BraTS20_Training_075_axial;481.0355224609375;341.01385498046875;101.87289428710938;133.9959259033203;89.99646759033203
BraTS20_Training_076_sagittal;574.001953125;217.02127075195312;98.11530303955078;136.20895385742188;179.99990844726562
BraTS20_Training_077_axial;553.9994506835938;341.99334716796875;72.0852279663086;91.8279800415039;97.93505096435547
BraTS20_Training_077_coronal;556.9781494140625;380.00775146484375;96.04560852050781;129.99215698242188;13.95621109008789
BraTS20_Training_077_sagittal;373.000732421875;377.99725341796875;90.02857971191406;133.97537231445312;8.006092071533203
BraTS20_Training_078_axial;301.98193359375;244.00726318359375;72.23843383789062;77.90467834472656;27.33774757385254
BraTS20_Training_078_coronal;303.9957275390625;386.9780578613281;72.10176849365234;121.84769439697266;1.8821887969970703
BraTS20_Training_078_sagittal;494.0123596191406;391.9819641113281;86.1189193725586;130.06875610351562;28.966238021850586
BraTS20_Training_080_axial;334.00738525390625;214.99990844726562;97.89192962646484;107.96369171142578;31.275007247924805
BraTS20_Training_080_coronal;326.010498046875;365.0362243652344;82.03328704833984;90.08055114746094;137.17147827148438
BraTS20_Training_080_sagittal;525.9838256835938;372.9887390136719;84.0060806274414;118.12752532958984;87.037109375
BraTS20_Training_081_axial;535.0336303710938;345.0118713378906;89.9876708984375;109.96263885498047;89.999755859375
BraTS20_Training_081_coronal;535.982177734375;240.98236083984375;108.05072021484375;132.01651000976562;155.9766845703125
BraTS20_Training_081_sagittal;369.00927734375;238.99205017089844;110.08224487304688;131.99166870117188;0.0010168104199692607
BraTS20_Training_083_axial;502.99169921875;232.0271759033203;91.95589447021484;105.88551330566406;0.003017812967300415
BraTS20_Training_083_coronal;501.0130310058594;367.0032958984375;72.06723022460938;114.04773712158203;150.87704467773438
BraTS20_Training_083_sagittal;511.9740295410156;367.01275634765625;98.00220489501953;128.22735595703125;90.01580810546875
BraTS20_Training_084_axial;271.00408935546875;186.00453186035156;107.97135162353516;154.1251678466797;40.02861785888672
BraTS20_Training_084_coronal;268.0060119628906;397.0290222167969;117.88043975830078;156.03524780273438;34.962364196777344
BraTS20_Training_084_sagittal;579.0013427734375;404.0087585449219;130.0950927734375;181.88116455078125;109.93807983398438
BraTS20_Training_085_axial;438.9740905761719;147.9998016357422;68.07957458496094;80.03266143798828;140.97158813476562
BraTS20_Training_085_coronal;438.0097351074219;242.01210021972656;58.048004150390625;120.10771179199219;7.032964706420898
BraTS20_Training_085_sagittal;603.9878540039062;247.99510192871094;88.04581451416016;103.96016693115234;23.371746063232422
BraTS20_Training_088_axial;258.9886779785156;364.972412109375;81.93701171875;96.18839263916016;136.1441650390625
BraTS20_Training_088_coronal;252.010986328125;382.014404296875;89.99884796142578;124.01008605957031;11.863218307495117
BraTS20_Training_088_sagittal;339.0058898925781;379.0169677734375;98.09616088867188;119.91545104980469;14.309189796447754
BraTS20_Training_089_axial;498.9942321777344;302.9974670410156;92.00439453125;117.92865753173828;105.92955017089844
BraTS20_Training_089_coronal;504.0221862792969;406.9956359863281;102.1933364868164;139.68460083007812;156.0343017578125
BraTS20_Training_090_axial;344.98931884765625;257.00067138671875;89.94688415527344;136.12429809570312;90.00044250488281
BraTS20_Training_090_coronal;352.0035400390625;326.9903564453125;146.15391540527344;148.01181030273438;109.3836669921875
BraTS20_Training_090_sagittal;479.0115051269531;325.9838562011719;112.03327941894531;144.00802612304688;8.07678508758545
BraTS20_Training_091_axial;540.0050048828125;308.9769592285156;107.98188781738281;127.93989562988281;110.89444732666016
BraTS20_Training_091_coronal;531.0369873046875;269.0083312988281;116.07554626464844;122.08580780029297;89.99974060058594
BraTS20_Training_091_sagittal;412.99224853515625;268.0185546875;133.9214630126953;143.89012145996094;89.99766540527344
BraTS20_Training_092_coronal;399.99072265625;268.02667236328125;112.11366271972656;162.07882690429688;115.9776840209961
BraTS20_Training_093_axial;256.00604248046875;327.99627685546875;120.10677337646484;123.95443725585938;160.45083618164062
BraTS20_Training_093_coronal;259.9928894042969;412.02227783203125;100.00001525878906;169.91746520996094;18.948678970336914
BraTS20_Training_093_sagittal;381.99139404296875;422.0042724609375;112.04894256591797;187.9546661376953;37.974456787109375
BraTS20_Training_094_axial;559.0;204.01902770996094;37.97686767578125;53.75431823730469;90.0
BraTS20_Training_094_coronal;558.0184326171875;405.9844970703125;52.280635833740234;61.903045654296875;147.299072265625
BraTS20_Training_094_sagittal;546.9619750976562;406.0083923339844;48.03340148925781;62.15931701660156;165.43109130859375
BraTS20_Training_096_axial;332.02899169921875;236.97813415527344;90.00440979003906;122.03250122070312;114.80463409423828
BraTS20_Training_096_coronal;327.0215148925781;302.0145568847656;105.89453125;184.0362091064453;29.95857048034668
BraTS20_Training_096_sagittal;484.9923400878906;295.0207824707031;130.0771026611328;168.01223754882812;149.94668579101562
BraTS20_Training_097_axial;293.0052795410156;294.0029602050781;113.98728942871094;184.00108337402344;10.105830192565918
BraTS20_Training_097_coronal;288.0032653808594;325.9879455566406;121.91127014160156;224.19432067871094;14.970512390136719
BraTS20_Training_097_sagittal;428.0119323730469;322.99505615234375;197.9041748046875;243.98289489746094;76.02051544189453
BraTS20_Training_098_axial;363.97344970703125;389.99786376953125;101.9012451171875;147.94659423828125;104.79387664794922
BraTS20_Training_098_coronal;368.000244140625;177.02989196777344;127.90283966064453;168.01853942871094;152.7437744140625
BraTS20_Training_098_sagittal;308.9833068847656;177.01193237304688;118.03103637695312;177.76902770996094;42.973724365234375
BraTS20_Training_099_coronal;530.0146484375;433.0216979980469;46.10728454589844;54.191009521484375;145.66229248046875
BraTS20_Training_099_sagittal;481.04052734375;432.00018310546875;46.03157424926758;112.2019271850586;101.06422424316406
BraTS20_Training_100_coronal;254.9893798828125;344.001220703125;149.93853759765625;174.05157470703125;23.098407745361328
BraTS20_Training_101_axial;507.99371337890625;304.994873046875;84.08843231201172;130.05477905273438;162.9351806640625
BraTS20_Training_101_coronal;513.0031127929688;400.028564453125;84.01698303222656;114.05030059814453;165.86476135253906
BraTS20_Training_101_sagittal;416.9992980957031;402.9881286621094;116.06228637695312;158.01039123535156;73.98255920410156
BraTS20_Training_102_axial;440.9981994628906;222.013671875;74.11582946777344;117.9793930053711;0.0019289090996608138
BraTS20_Training_102_coronal;442.00323486328125;228.0105743408203;80.09586334228516;121.93748474121094;170.0094757080078
BraTS20_Training_102_sagittal;519.0106201171875;230.00157165527344;118.05101776123047;137.96661376953125;89.99790954589844
BraTS20_Training_103_axial;517.9883422851562;163.98948669433594;122.12175750732422;152.09288024902344;113.93395233154297
BraTS20_Training_103_coronal;517.01806640625;348.0061340332031;133.99261474609375;202.03453063964844;159.98793029785156
BraTS20_Training_103_sagittal;602.9995727539062;347.97393798828125;179.87823486328125;204.06716918945312;161.82846069335938
BraTS20_Training_104_axial;254.9928741455078;293.0361022949219;153.97068786621094;167.962890625;154.13552856445312
BraTS20_Training_104_coronal;258.0216369628906;349.0101318359375;165.9140167236328;165.98585510253906;88.8410873413086
BraTS20_Training_104_sagittal;422.9967346191406;343.99078369140625;168.05850219726562;189.82559204101562;50.29319381713867
BraTS20_Training_105_axial;290.0113830566406;359.99102783203125;82.14266204833984;94.10189056396484;95.08899688720703
BraTS20_Training_105_coronal;290.0098571777344;422.99530029296875;88.10201263427734;101.9331283569336;137.50189208984375
BraTS20_Training_105_sagittal;351.96331787109375;414.0146179199219;96.03508758544922;127.9333724975586;20.9553279876709
BraTS20_Training_106_axial;519.9844970703125;292.0045471191406;91.96517181396484;116.07618713378906;125.99581909179688
BraTS20_Training_107_axial;453.0001525878906;238.9982452392578;75.96955871582031;108.10457611083984;90.0
BraTS20_Training_107_coronal;464.9954528808594;312.9793701171875;99.94741821289062;158.0726318359375;151.03488159179688
BraTS20_Training_107_sagittal;504.9992980957031;303.9727478027344;103.93193054199219;149.94419860839844;148.06716918945312
BraTS20_Training_108_axial;520.9827270507812;220.9867706298828;92.22437286376953;105.92528533935547;134.93431091308594
BraTS20_Training_108_coronal;524.0341796875;435.9971923828125;92.01695251464844;100.11785888671875;141.98883056640625
BraTS20_Training_108_sagittal;520.9783325195312;439.01043701171875;87.91606903076172;114.09297180175781;83.81858825683594
BraTS20_Training_109_axial;483.00250244140625;373.00323486328125;101.82243347167969;134.025146484375;49.94609451293945
BraTS20_Training_109_coronal;478.0111999511719;329.9871520996094;124.11756896972656;127.86632537841797;89.99079895019531
BraTS20_Training_109_sagittal;336.01666259765625;350.9914245605469;145.91354370117188;171.92575073242188;179.9999542236328
BraTS20_Training_110_coronal;461.9886169433594;126.9769515991211;51.85432434082031;80.07410430908203;138.10325622558594
BraTS20_Training_110_sagittal;503.0447082519531;111.01532745361328;49.982418060302734;70.091064453125;90.03118896484375
BraTS20_Training_111_axial;219.0151824951172;254.00466918945312;96.16017150878906;127.794921875;63.22574996948242
BraTS20_Training_111_coronal;228.00885009765625;408.97064208984375;100.08795166015625;161.97076416015625;45.035972595214844
BraTS20_Training_111_sagittal;483.0190124511719;404.01300048828125;118.07786560058594;139.92666625976562;49.10397720336914
BraTS20_Training_112_axial;241.0106658935547;281.9810791015625;151.826904296875;173.94068908691406;150.97434997558594
BraTS20_Training_112_coronal;244.01502990722656;385.9899597167969;134.03195190429688;185.9157257080078;31.957738876342773
BraTS20_Training_112_sagittal;443.00433349609375;391.01275634765625;161.8549041748047;213.9397430419922;86.02593231201172
BraTS20_Training_113_axial;222.0062255859375;267.99090576171875;58.2386474609375;78.15167236328125;101.88704681396484
BraTS20_Training_113_coronal;219.99993896484375;317.0453796386719;65.99352264404297;96.19697570800781;153.03565979003906
BraTS20_Training_113_sagittal;461.0149230957031;318.05511474609375;76.10511779785156;88.06299591064453;154.85214233398438
BraTS20_Training_114_axial;410.00592041015625;368.0137939453125;122.0443115234375;146.20396423339844;90.00003051757812
BraTS20_Training_114_coronal;401.9988708496094;268.9908447265625;152.13742065429688;208.03729248046875;179.99996948242188
BraTS20_Training_114_sagittal;333.0175476074219;263.00390625;162.118408203125;207.93231201171875;0.00034754298394545913
BraTS20_Training_115_axial;332.98162841796875;361.95294189453125;101.91313934326172;108.07939910888672;141.24485778808594
BraTS20_Training_115_coronal;336.9908142089844;157.9995880126953;110.04244232177734;138.00221252441406;4.978383541107178
BraTS20_Training_115_sagittal;348.0201416015625;159.00265502929688;130.03482055664062;139.8408203125;179.9983673095703
BraTS20_Training_116_axial;292.9844665527344;323.98138427734375;131.9657745361328;149.92074584960938;165.92129516601562
BraTS20_Training_116_coronal;289.9888610839844;395.9876708984375;108.06156921386719;177.87570190429688;30.936922073364258
BraTS20_Training_116_sagittal;389.0007019042969;403.02716064453125;146.03164672851562;206.0364227294922;49.06559371948242
BraTS20_Training_117_axial;486.9865417480469;261.0189208984375;89.9891586303711;114.1205062866211;75.11058807373047
BraTS20_Training_117_coronal;486.9975891113281;356.99700927734375;113.88934326171875;145.97813415527344;159.07191467285156
BraTS20_Training_117_sagittal;470.9998474121094;350.9847717285156;105.95799255371094;138.07138061523438;23.00884246826172
BraTS20_Training_118_axial;252.00929260253906;325.0055236816406;73.98982238769531;92.1438217163086;116.68822479248047
BraTS20_Training_118_coronal;249.016357421875;344.0057373046875;98.01823425292969;120.0721664428711;0.00139197101816535
BraTS20_Training_118_sagittal;394.0064392089844;344.0151062011719;96.163330078125;117.68586730957031;0.002421770943328738
BraTS20_Training_119_axial;576.9872436523438;237.99989318847656;53.97955322265625;78.24029541015625;103.87750244140625
BraTS20_Training_119_coronal;575.0074462890625;386.0246276855469;77.91785430908203;105.74040222167969;179.98455810546875
BraTS20_Training_119_sagittal;504.0016784667969;386.04974365234375;73.88189697265625;106.23612976074219;179.98452758789062
BraTS20_Training_120_axial;408.9953918457031;342.0157470703125;131.92808532714844;142.05770874023438;0.010401344858109951
BraTS20_Training_120_coronal;402.0174865722656;253.01126098632812;148.06094360351562;201.9404296875;14.818033218383789
BraTS20_Training_120_sagittal;369.02191162109375;240.01910400390625;175.92259216308594;195.90748596191406;158.53466796875
BraTS20_Training_121_axial;492.9931640625;443.0296630859375;130.1063690185547;140.0443572998047;132.73045349121094
BraTS20_Training_121_coronal;492.9925231933594;306.007568359375;139.93397521972656;167.9349365234375;179.9998779296875
BraTS20_Training_121_sagittal;243.01510620117188;298.00372314453125;159.9012451171875;175.98899841308594;89.9999008178711
BraTS20_Training_122_axial;539.98974609375;286.0;72.05931854248047;79.96949005126953;90.0
BraTS20_Training_122_coronal;539.0067749023438;274.0310974121094;78.05419921875;93.97006225585938;0.0001623881107661873
BraTS20_Training_122_sagittal;443.00726318359375;275.0008544921875;86.2027816772461;97.99671173095703;28.94857406616211
BraTS20_Training_123_axial;560.0128173828125;257.9822082519531;112.076416015625;148.0130615234375;10.97015380859375
BraTS20_Training_123_coronal;552.011474609375;369.99163818359375;116.05496978759766;169.92359924316406;158.06265258789062
BraTS20_Training_123_sagittal;477.0130615234375;358.99761962890625;166.15460205078125;201.8284149169922;89.99942016601562
BraTS20_Training_124_axial;286.006591796875;286.9985046386719;146.1797332763672;193.81321716308594;120.9166259765625
BraTS20_Training_124_coronal;302.9874572753906;321.0044860839844;113.74864959716797;162.03982543945312;134.0391387939453
BraTS20_Training_124_sagittal;438.0173645019531;350.007080078125;177.9304962158203;228.0144805908203;120.87747955322266
BraTS20_Training_125_axial;339.99530029296875;256.0118408203125;106.0599594116211;149.7992706298828;167.88954162597656
BraTS20_Training_125_coronal;340.9878845214844;242.99842834472656;102.0306396484375;149.91090393066406;161.87005615234375
BraTS20_Training_125_sagittal;475.99566650390625;231.01004028320312;122.02103424072266;152.0847625732422;89.99747467041016
BraTS20_Training_126_axial;271.970458984375;326.9905700683594;76.00624084472656;118.09756469726562;48.88633346557617
BraTS20_Training_126_coronal;266.9895935058594;275.0008544921875;92.07987976074219;133.89625549316406;41.11296081542969
BraTS20_Training_126_sagittal;380.0262145996094;274.006103515625;115.96711730957031;130.06808471679688;90.0015640258789
BraTS20_Training_127_axial;537.9949340820312;198.00201416015625;59.91879653930664;78.2684326171875;89.99919891357422
BraTS20_Training_127_coronal;544.0111083984375;367.00146484375;84.13687133789062;107.97149658203125;146.75588989257812
BraTS20_Training_127_sagittal;554.9869384765625;368.9817199707031;69.91878509521484;104.0993881225586;17.927398681640625
BraTS20_Training_129_sagittal;615.9879760742188;439.05157470703125;74.24056243896484;105.82775115966797;154.84291076660156
BraTS20_Training_130_axial;270.0007019042969;342.0176696777344;126.21363067626953;127.95011901855469;89.94866180419922
BraTS20_Training_130_coronal;272.98663330078125;386.9625549316406;142.05592346191406;228.01705932617188;174.05226135253906
BraTS20_Training_130_sagittal;367.9997253417969;385.0331726074219;172.0425262451172;221.687744140625;179.99996948242188
BraTS20_Training_131_sagittal;577.0106811523438;288.0084228515625;80.12347412109375;86.00984191894531;179.82005310058594
BraTS20_Training_132_axial;325.97381591796875;235.02679443359375;109.8802719116211;138.06983947753906;130.22731018066406
BraTS20_Training_132_coronal;320.0075988769531;302.0144958496094;125.88367462158203;146.1469268798828;165.02392578125
BraTS20_Training_132_sagittal;517.0267333984375;304.9836120605469;128.076171875;164.08447265625;31.891740798950195
BraTS20_Training_134_axial;269.0007019042969;195.00035095214844;94.0207290649414;157.944580078125;47.0360221862793
BraTS20_Training_136_coronal;372.989990234375;211.99127197265625;90.04788970947266;109.98265838623047;163.56478881835938
BraTS20_Training_137_axial;289.02459716796875;213.01739501953125;158.1256103515625;173.7747039794922;89.9898910522461
BraTS20_Training_137_coronal;283.0108337402344;377.9734802246094;134.11309814453125;195.7992401123047;46.038108825683594
BraTS20_Training_137_sagittal;536.0507202148438;380.99566650390625;168.06199645996094;201.88278198242188;90.0007553100586
BraTS20_Training_138_axial;300.0047607421875;408.998779296875;112.16674041748047;157.90789794921875;154.01498413085938
BraTS20_Training_138_coronal;295.99835205078125;294.04205322265625;122.11913299560547;168.01239013671875;170.009765625
BraTS20_Training_138_sagittal;288.00018310546875;295.0212707519531;151.98873901367188;194.0279541015625;45.97757339477539
BraTS20_Training_139_axial;518.032958984375;183.99520874023438;48.24627685546875;69.974853515625;55.22397232055664
BraTS20_Training_139_coronal;519.0413818359375;228.02467346191406;74.072021484375;110.03030395507812;19.858917236328125
BraTS20_Training_139_sagittal;569.9990234375;229.9897003173828;76.05672454833984;104.04348754882812;9.95188020169735e-05
BraTS20_Training_140_axial;465.0147399902344;298.994140625;128.09815979003906;147.88279724121094;35.92030334472656
BraTS20_Training_140_coronal;463.98455810546875;178.0116424560547;122.0185317993164;197.74937438964844;6.877765655517578
BraTS20_Training_140_sagittal;420.016357421875;176.98294067382812;162.07052612304688;205.87408447265625;13.971644401550293
BraTS20_Training_142_axial;318.95074462890625;266.0164794921875;62.0922737121582;77.95772552490234;129.1788330078125
BraTS20_Training_142_coronal;316.0099182128906;213.01712036132812;65.93480682373047;96.32772064208984;0.0029516217764467
BraTS20_Training_142_sagittal;468.00897216796875;213.0;77.97711944580078;96.00096893310547;0.0
BraTS20_Training_143_coronal;484.9835205078125;298.00811767578125;204.05084228515625;227.97825622558594;141.10147094726562
BraTS20_Training_143_sagittal;298.0072937011719;315.98602294921875;213.9747772216797;263.8027038574219;153.9122314453125
BraTS20_Training_144_axial;397.0079040527344;437.00042724609375;113.8521499633789;181.97752380371094;90.00101470947266
BraTS20_Training_144_coronal;398.0115661621094;283.0403747558594;181.8123321533203;189.88856506347656;90.01284790039062
BraTS20_Training_144_sagittal;250.01173400878906;284.0208740234375;163.7622833251953;182.23312377929688;117.87403869628906
BraTS20_Training_145_axial;530.978759765625;337.0046691894531;109.8771743774414;131.9084014892578;37.1550407409668
BraTS20_Training_145_coronal;541.99267578125;400.0133361816406;88.0528564453125;125.91883087158203;157.9708709716797
BraTS20_Training_145_sagittal;384.0039978027344;411.0302429199219;127.86100769042969;160.0763397216797;45.054622650146484
BraTS20_Training_146_axial;249.9912567138672;301.9959411621094;110.02865600585938;137.97073364257812;140.78323364257812
BraTS20_Training_146_coronal;250.0015869140625;384.9914245605469;108.01336669921875;137.9467315673828;18.148103713989258
BraTS20_Training_146_sagittal;428.9729919433594;393.9836730957031;139.99688720703125;158.02264404296875;30.94481086730957
BraTS20_Training_149_sagittal;449.0012512207031;402.9978332519531;148.05364990234375;187.81201171875;90.0
BraTS20_Training_150_axial;485.99462890625;331.016845703125;140.12933349609375;156.07830810546875;179.99969482421875
BraTS20_Training_150_coronal;489.9964294433594;373.0123291015625;134.1270294189453;193.71568298339844;168.12649536132812
BraTS20_Training_150_sagittal;391.01287841796875;365.01171875;140.1131591796875;215.82321166992188;52.115535736083984
BraTS20_Training_151_axial;468.9824523925781;452.0235290527344;120.0118408203125;131.992919921875;51.15607452392578
BraTS20_Training_151_coronal;461.9696350097656;298.99139404296875;118.05449676513672;155.9667205810547;36.879661560058594
BraTS20_Training_152_axial;379.9944763183594;361.0077819824219;121.9482650756836;148.00933837890625;105.0244140625
BraTS20_Training_152_coronal;379.02783203125;250.974853515625;146.0251007080078;165.89004516601562;141.95529174804688
BraTS20_Training_152_sagittal;348.9892578125;250.00942993164062;167.98390197753906;175.93870544433594;90.02503204345703
BraTS20_Training_153_axial;546.0093383789062;259.00799560546875;90.01249694824219;98.06959533691406;102.61621856689453
BraTS20_Training_153_coronal;547.00146484375;365.9931335449219;101.90054321289062;138.01487731933594;4.248007297515869
BraTS20_Training_153_sagittal;477.975341796875;368.9804382324219;104.12945556640625;143.98973083496094;16.887048721313477
BraTS20_Training_154_axial;332.9866027832031;351.9849853515625;111.94377899169922;169.98744201660156;162.99632263183594
BraTS20_Training_154_sagittal;353.016357421875;192.00668334960938;191.99642944335938;198.12937927246094;90.005126953125
BraTS20_Training_155_axial;475.0191955566406;150.0148468017578;78.18854522705078;132.0123291015625;128.98171997070312
BraTS20_Training_155_coronal;491.9890441894531;349.99603271484375;98.07727813720703;145.9937286376953;152.9556884765625
BraTS20_Training_155_sagittal;610.0098266601562;373.99468994140625;137.99513244628906;203.7639617919922;160.9863739013672
BraTS20_Training_156_axial;492.0033874511719;339.01312255859375;130.0284423828125;141.94996643066406;129.49942016601562
BraTS20_Training_156_coronal;491.0093688964844;405.0075378417969;133.93109130859375;187.83169555664062;0.000593685545027256
BraTS20_Training_156_sagittal;372.00152587890625;406.9900817871094;155.93313598632812;187.96484375;35.179725646972656
BraTS20_Training_161_axial;344.9722595214844;354.0138244628906;87.87578582763672;131.95594787597656;41.00296401977539
BraTS20_Training_161_coronal;340.99261474609375;260.98211669921875;90.06155395507812;132.09352111816406;139.9628143310547
BraTS20_Training_161_sagittal;355.9904479980469;257.00341796875;114.04199981689453;152.08763122558594;115.96397399902344
BraTS20_Training_162_axial;347.01458740234375;248.01675415039062;103.99181365966797;158.05502319335938;100.0293960571289
BraTS20_Training_162_coronal;337.0062255859375;323.99896240234375;141.9200897216797;175.79623413085938;0.0007575009949505329
BraTS20_Training_162_sagittal;492.0137023925781;315.0167541503906;149.95742797851562;149.9962921142578;89.89430236816406
BraTS20_Training_163_axial;500.0196533203125;368.9993896484375;153.82179260253906;171.93096923828125;0.005202652886509895
BraTS20_Training_163_sagittal;337.986328125;250.9998321533203;180.0144805908203;229.921630859375;66.15445709228516
BraTS20_Training_164_axial;317.99957275390625;206.0004119873047;121.91487884521484;161.8643035888672;53.958431243896484
BraTS20_Training_164_coronal;319.9836120605469;255.02960205078125;140.03297424316406;225.9883270263672;13.924293518066406
BraTS20_Training_164_sagittal;532.9954833984375;259.0061950683594;153.9830780029297;235.9982452392578;17.988195419311523
BraTS20_Training_165_coronal;494.0030822753906;408.0315856933594;105.98712158203125;144.1252899169922;161.9448699951172
BraTS20_Training_165_sagittal;436.02618408203125;407.97235107421875;116.13069915771484;185.77020263671875;57.06117630004883
BraTS20_Training_166_axial;252.0090789794922;262.99212646484375;137.9993438720703;180.07504272460938;67.06859588623047
BraTS20_Training_166_coronal;262.0050354003906;322.9980163574219;144.01576232910156;182.0003662109375;48.075660705566406
BraTS20_Training_166_sagittal;479.0030822753906;321.9989013671875;153.9099578857422;201.7150421142578;44.04823684692383
BraTS20_Training_168_axial;299.0036315917969;229.0080108642578;159.81895446777344;171.98431396484375;179.99998474121094
BraTS20_Training_168_coronal;295.0017395019531;272.0365295410156;159.9963836669922;221.84201049804688;179.99984741210938
BraTS20_Training_168_sagittal;514.0089721679688;279.0163269042969;201.87203979492188;252.0304412841797;149.03196716308594
BraTS20_Training_169_axial;506.9759216308594;251.9981231689453;103.98223114013672;168.03236389160156;143.93655395507812
BraTS20_Training_169_coronal;513.9857177734375;411.0262145996094;112.0708999633789;153.99942016601562;149.84751892089844
BraTS20_Training_169_sagittal;481.0072937011719;421.0074462890625;137.94927978515625;188.04443359375;67.88551330566406
BraTS20_Training_170_axial;524.9986572265625;234.0157012939453;108.1822509765625;123.91703796386719;124.14878845214844
BraTS20_Training_170_coronal;524.9727783203125;420.996337890625;110.10881805419922;160.00604248046875;151.9426727294922
BraTS20_Training_170_sagittal;507.0025634765625;416.0132141113281;121.97406005859375;145.9730224609375;19.888996124267578
BraTS20_Training_171_axial;357.97357177734375;331.9971618652344;101.84176635742188;130.03118896484375;107.04216766357422
BraTS20_Training_171_coronal;350.0162658691406;179.9944305419922;109.99517822265625;152.06997680664062;148.11270141601562
BraTS20_Training_171_sagittal;371.0129089355469;174.00376892089844;131.809814453125;134.20016479492188;89.99738311767578
BraTS20_Training_172_axial;450.0287780761719;270.006591796875;86.00869750976562;102.06364440917969;89.9991683959961
BraTS20_Training_172_coronal;452.00286865234375;245.0191650390625;92.0682601928711;130.13966369628906;165.20298767089844
BraTS20_Training_172_sagittal;458.01397705078125;244.031982421875;102.0862045288086;132.00755310058594;171.6260528564453
BraTS20_Training_173_axial;546.004150390625;256.9844055175781;122.20909881591797;137.72186279296875;153.51707458496094
BraTS20_Training_173_coronal;538.0011596679688;270.0356750488281;108.07588958740234;173.97767639160156;0.00016723034786991775
BraTS20_Training_173_sagittal;480.99310302734375;269.9932861328125;164.01449584960938;169.96583557128906;89.99968719482422
BraTS20_Training_174_axial;479.98736572265625;342.0028076171875;92.04946899414062;156.02783203125;89.99999237060547
BraTS20_Training_174_coronal;474.9973449707031;260.0155944824219;122.13002014160156;170.17794799804688;168.01214599609375
BraTS20_Training_174_sagittal;367.98638916015625;251.97715759277344;116.17101287841797;173.96481323242188;159.9475860595703
BraTS20_Training_178_axial;306.0107116699219;167.9981231689453;125.9101791381836;159.9212646484375;50.94229507446289
BraTS20_Training_178_coronal;301.9967956542969;301.959716796875;153.97193908691406;203.7978973388672;10.922964096069336
BraTS20_Training_178_sagittal;591.0061645507812;316.999267578125;177.87100219726562;215.82984924316406;165.02536010742188
BraTS20_Training_179_axial;547.0015869140625;245.0178985595703;116.00093841552734;143.96392822265625;154.20370483398438
BraTS20_Training_179_coronal;546.00390625;369.0303649902344;130.05743408203125;145.9810791015625;179.99423217773438
BraTS20_Training_179_sagittal;502.02093505859375;368.9942626953125;143.95010375976562;174.0502471923828;93.16974639892578
BraTS20_Training_180_axial;256.9855041503906;298.0037841796875;146.0230712890625;172.03912353515625;156.07266235351562
BraTS20_Training_180_coronal;265.99847412109375;369.0142517089844;147.9765625;195.81695556640625;179.990966796875
BraTS20_Training_180_sagittal;412.0057678222656;375.0060729980469;176.0031280517578;251.86297607421875;63.038875579833984
BraTS20_Training_181_axial;458.00341796875;127.98250579833984;77.94453430175781;105.90919494628906;109.08721923828125
BraTS20_Training_182_axial;490.966796875;341.97564697265625;67.93415069580078;95.95887756347656;111.012451171875
BraTS20_Training_182_sagittal;363.9939880371094;248.00270080566406;88.09053039550781;123.95654296875;147.8680419921875
BraTS20_Training_183_axial;274.010986328125;208.9915771484375;102.00765228271484;133.9562530517578;41.10624694824219
BraTS20_Training_183_coronal;266.99969482421875;368.05242919921875;141.85389709472656;209.6949462890625;179.99993896484375
BraTS20_Training_183_sagittal;554.9722900390625;362.9806823730469;148.09805297851562;219.93118286132812;157.9896240234375
BraTS20_Training_184_axial;286.00689697265625;332.02508544921875;118.12615203857422;125.99016571044922;0.05567353591322899
BraTS20_Training_184_coronal;282.98931884765625;385.9990234375;141.88995361328125;198.01864624023438;9.993722915649414
BraTS20_Training_184_sagittal;376.9879455566406;391.01104736328125;165.8568878173828;226.08987426757812;23.087074279785156
BraTS20_Training_185_coronal;494.0096435546875;439.00714111328125;98.03669738769531;133.92666625976562;149.1378173828125
BraTS20_Training_185_sagittal;305.9930725097656;280.9857482910156;94.13485717773438;135.93409729003906;159.0816192626953
BraTS20_Training_186_axial;506.00372314453125;341.0016784667969;120.0239486694336;169.8527374267578;116.00682830810547
BraTS20_Training_186_coronal;503.0073547363281;366.994384765625;158.04086303710938;179.99415588378906;0.000896667770575732
BraTS20_Training_186_sagittal;370.99847412109375;352.99163818359375;164.0101318359375;169.96011352539062;152.25692749023438
BraTS20_Training_187_axial;289.0012512207031;293.0106201171875;147.9042510986328;157.98033142089844;156.49624633789062
BraTS20_Training_187_coronal;292.9720153808594;262.02203369140625;131.9854278564453;189.925537109375;27.919898986816406
BraTS20_Training_187_sagittal;434.0118103027344;260.00384521484375;163.95559692382812;201.88906860351562;73.82422637939453
BraTS20_Training_188_coronal;283.007568359375;357.0;90.1630859375;110.02252197265625;170.07530212402344
BraTS20_Training_188_sagittal;457.0138854980469;361.0146484375;76.12354278564453;93.72291564941406;15.229020118713379
BraTS20_Training_189_axial;335.9989013671875;337.9930114746094;104.03136444091797;128.03684997558594;89.9990005493164
BraTS20_Training_189_coronal;338.0001525878906;171.0116424560547;123.7780532836914;170.15029907226562;23.983741760253906
BraTS20_Training_189_sagittal;379.0218200683594;171.9779052734375;151.92457580566406;157.99925231933594;165.96548461914062
BraTS20_Training_190_axial;538.0111694335938;328.0032958984375;61.87521743774414;89.91184997558594;58.73241424560547
BraTS20_Training_190_coronal;542.9966430664062;322.0152587890625;76.23202514648438;113.8115234375;31.125932693481445
BraTS20_Training_191_axial;314.9874267578125;221.99130249023438;154.03456115722656;213.9895477294922;158.10765075683594
BraTS20_Training_191_coronal;305.0;287.00433349609375;173.9657745361328;225.86996459960938;16.006649017333984
BraTS20_Training_191_sagittal;522.9863891601562;298.9925842285156;235.91075134277344;241.82479858398438;135.76866149902344
BraTS20_Training_192_axial;462.0057373046875;174.99420166015625;123.87019348144531;129.8982391357422;89.99687957763672
BraTS20_Training_192_coronal;459.9902648925781;255.99176025390625;130.09141540527344;201.80018615722656;170.10400390625
BraTS20_Training_192_sagittal;576.9883422851562;260.0347900390625;155.87025451660156;190.02088928222656;179.99969482421875
BraTS20_Training_193_axial;294.0117492675781;369.0216979980469;138.10476684570312;154.10252380371094;89.9951400756836
BraTS20_Training_193_coronal;287.9993896484375;236.99618530273438;155.72055053710938;172.00267028808594;0.0006011704099364579
BraTS20_Training_193_sagittal;335.0007629394531;228.01934814453125;162.0108642578125;180.04864501953125;90.00273132324219
BraTS20_Training_194_axial;538.0096435546875;281.042724609375;149.9335479736328;178.15304565429688;0.00028855373966507614
BraTS20_Training_194_coronal;531.0044555664062;364.0137634277344;144.0181121826172;177.90513610839844;159.00889587402344
BraTS20_Training_194_sagittal;449.99383544921875;375.002685546875;195.7744140625;224.01910400390625;90.00003051757812
BraTS20_Training_195_axial;511.9953308105469;344.00457763671875;116.12354278564453;132.0049591064453;89.99998474121094
BraTS20_Training_195_coronal;508.0145263671875;447.0211486816406;127.99382781982422;139.98609924316406;179.9990997314453
BraTS20_Training_195_sagittal;362.0132141113281;448.0116271972656;155.9384002685547;162.05227661132812;90.01151275634766
BraTS20_Training_196_axial;525.9945678710938;323.9980773925781;135.92532348632812;144.0006561279297;3.800698323175311e-05
BraTS20_Training_196_coronal;527.0296630859375;412.0221862792969;146.06814575195312;146.11756896972656;81.08367919921875
BraTS20_Training_196_sagittal;393.98736572265625;414.9888000488281;148.1136932373047;174.02316284179688;72.07107543945312
BraTS20_Training_197_axial;317.0091552734375;410.030029296875;134.04910278320312;149.8061981201172;90.00153350830078
BraTS20_Training_197_coronal;313.01177978515625;278.99383544921875;146.02452087402344;176.03640747070312;0.0013218207750469446
BraTS20_Training_197_sagittal;285.0019836425781;279.00579833984375;153.968505859375;205.8618927001953;31.064090728759766
BraTS20_Training_198_axial;251.99658203125;299.0207214355469;129.97776794433594;131.86192321777344;90.0051040649414
BraTS20_Training_199_axial;345.0096130371094;199.0416259765625;100.052734375;144.05142211914062;169.90692138671875
BraTS20_Training_199_coronal;346.01141357421875;240.99276733398438;97.89054107666016;148.09666442871094;13.041120529174805
BraTS20_Training_199_sagittal;545.0043334960938;247.00733947753906;138.11691284179688;199.838623046875;136.9071502685547
BraTS20_Training_200_axial;248.99118041992188;350.99237060546875;64.05138397216797;72.25617218017578;0.003995525185018778
BraTS20_Training_200_coronal;247.98692321777344;452.9866638183594;67.96174621582031;96.11637878417969;164.34942626953125
BraTS20_Training_200_sagittal;361.00604248046875;450.9773254394531;82.1283187866211;102.19590759277344;39.27824783325195
BraTS20_Training_201_axial;472.99420166015625;184.9936065673828;139.9622039794922;140.0288543701172;98.12550354003906
BraTS20_Training_201_coronal;468.9979553222656;288.0015563964844;123.86532592773438;179.9454345703125;168.90481567382812
BraTS20_Training_201_sagittal;567.9912719726562;293.0184326171875;153.89256286621094;190.15780639648438;48.04288864135742
BraTS20_Training_202_axial;496.9835510253906;174.97311401367188;106.06773376464844;143.9943389892578;139.92825317382812
BraTS20_Training_202_coronal;506.0068054199219;379.97662353515625;139.97293090820312;170.0616455078125;165.2482147216797
BraTS20_Training_202_sagittal;591.9765625;372.0175476074219;165.996337890625;167.794189453125;44.31452941894531
BraTS20_Training_203_axial;537.0104370117188;321.0104675292969;100.10115814208984;102.0396499633789;0.04737422242760658
BraTS20_Training_203_coronal;535.0118408203125;377.00982666015625;100.06768798828125;117.8921890258789;22.959505081176758
BraTS20_Training_203_sagittal;404.0101318359375;380.0367431640625;116.09846496582031;122.01048278808594;179.99929809570312
BraTS20_Training_204_axial;229.9866943359375;338.0279235839844;80.12987518310547;106.04253387451172;164.26808166503906
BraTS20_Training_204_coronal;232.0017852783203;399.0005187988281;84.04476165771484;92.14678192138672;0.0009994569700211287
BraTS20_Training_204_sagittal;379.9930419921875;398.9591979980469;79.93971252441406;115.95990753173828;99.84569549560547
BraTS20_Training_205_axial;547.9703979492188;204.00006103515625;56.1258430480957;94.13978576660156;99.78772735595703
BraTS20_Training_205_coronal;548.0411987304688;248.0011749267578;84.00450134277344;90.08843994140625;89.9979248046875
BraTS20_Training_205_sagittal;545.99853515625;252.0207061767578;73.8177261352539;89.96794891357422;22.232763290405273
BraTS20_Training_206_axial;293.066650390625;295.00634765625;64.10464477539062;70.27496337890625;90.01045989990234
BraTS20_Training_206_coronal;283.9861755371094;362.002685546875;91.97758483886719;104.03679656982422;89.99866485595703
BraTS20_Training_206_sagittal;424.99169921875;360.0257568359375;68.09325408935547;96.10032653808594;43.19636535644531
BraTS20_Training_208_axial;495.97430419921875;234.0187225341797;94.13129425048828;140.03672790527344;55.0274543762207
BraTS20_Training_208_coronal;508.9964904785156;274.0184326171875;151.994873046875;233.947998046875;171.01242065429688
BraTS20_Training_208_sagittal;493.0119934082031;283.0102844238281;146.04820251464844;236.07345581054688;174.01327514648438
BraTS20_Training_209_axial;262.0140075683594;293.0073547363281;138.0783233642578;161.93048095703125;32.923583984375
BraTS20_Training_209_coronal;263.0016174316406;400.00927734375;146.06919860839844;161.6855926513672;24.408706665039062
BraTS20_Training_209_sagittal;435.9890441894531;405.9933166503906;167.96934509277344;200.0228271484375;58.933387756347656
BraTS20_Training_210_axial;430.96234130859375;373.9568176269531;138.19317626953125;183.93646240234375;134.97036743164062
BraTS20_Training_210_coronal;435.010009765625;281.99951171875;156.0713348388672;168.09181213378906;89.99526977539062
BraTS20_Training_210_sagittal;327.05072021484375;284.99566650390625;168.06199645996094;201.88278198242188;90.0007553100586
BraTS20_Training_211_coronal;297.00537109375;391.9954833984375;122.16649627685547;172.07174682617188;26.96900177001953
BraTS20_Training_211_sagittal;404.9683837890625;398.03021240234375;122.11125183105469;173.87754821777344;24.050823211669922
BraTS20_Training_212_sagittal;428.9913024902344;146.02523803710938;123.92769622802734;161.8188934326172;0.0008016375941224396
BraTS20_Training_213_axial;512.9854125976562;201.00765991210938;124.15308380126953;127.80327606201172;0.0062947398982942104
BraTS20_Training_213_sagittal;537.9923706054688;425.0032653808594;114.00347900390625;156.2877960205078;111.84468841552734
BraTS20_Training_214_axial;276.9910888671875;329.9963073730469;107.93305206298828;124.11323547363281;122.21852111816406
BraTS20_Training_214_coronal;281.0069580078125;389.0064392089844;124.12531280517578;157.89305114746094;20.93198585510254
BraTS20_Training_214_sagittal;381.006591796875;371.99755859375;120.05928802490234;151.96046447753906;136.89739990234375
BraTS20_Training_215_sagittal;456.98834228515625;407.0079040527344;123.94603729248047;159.99974060058594;118.9934310913086
BraTS20_Training_216_axial;484.0159912109375;156.0264434814453;95.99127197265625;142.0839385986328;128.97006225585938
BraTS20_Training_216_coronal;484.998779296875;287.0070495605469;124.01085662841797;157.94210815429688;165.9416961669922
BraTS20_Training_216_sagittal;585.0131225585938;286.0066223144531;160.18389892578125;197.97715759277344;89.99996185302734
BraTS20_Training_217_axial;515.96337890625;156.01148986816406;62.02348709106445;96.35539245605469;90.0087890625
BraTS20_Training_217_coronal;518.9868774414062;432.0141296386719;109.9725112915039;118.0965347290039;26.95077896118164
BraTS20_Training_217_sagittal;615.9913940429688;434.9978942871094;99.88612365722656;144.04922485351562;25.89143943786621
BraTS20_Training_218_axial;516.999755859375;319.9995422363281;147.98634338378906;170.0718536376953;176.03208923339844
BraTS20_Training_218_coronal;505.99932861328125;387.0073547363281;122.06781768798828;178.01112365722656;149.095458984375
BraTS20_Training_218_sagittal;374.01153564453125;372.0048828125;137.8946075439453;230.1500701904297;116.918701171875
BraTS20_Training_219_axial;525.994873046875;337.02386474609375;97.90079498291016;104.25979614257812;90.00077056884766
BraTS20_Training_219_coronal;532.0033569335938;391.0010070800781;113.93426513671875;146.0635528564453;159.82131958007812
BraTS20_Training_219_sagittal;371.0435791015625;373.99444580078125;127.99556732177734;138.0495147705078;90.00316619873047
BraTS20_Training_220_axial;252.0003662109375;202.0052947998047;70.01742553710938;105.99478912353516;81.9657974243164
BraTS20_Training_220_coronal;240.0110321044922;276.00897216796875;107.97935485839844;124.0203857421875;13.317490577697754
BraTS20_Training_220_sagittal;506.015625;271.9857482910156;138.0309600830078;187.86099243164062;99.0387954711914
BraTS20_Training_221_axial;480.0234375;206.99533081054688;103.97759246826172;164.02919006347656;56.0490608215332
BraTS20_Training_221_coronal;502.9974365234375;364.9807434082031;107.9798355102539;156.0397491455078;9.07465648651123
BraTS20_Training_222_axial;280.0106506347656;267.0084228515625;80.12347412109375;86.00984191894531;179.82005310058594
BraTS20_Training_222_coronal;279.9827880859375;211.99098205566406;70.11571502685547;96.23441314697266;166.84022521972656
BraTS20_Training_222_sagittal;464.005859375;211.0372314453125;93.96356964111328;110.00743865966797;61.724273681640625
BraTS20_Training_223_axial;367.0043029785156;441.99468994140625;111.98851776123047;142.08941650390625;101.23966217041016
BraTS20_Training_223_coronal;370.0019226074219;275.0133361816406;132.075439453125;195.94068908691406;166.9848175048828
BraTS20_Training_223_sagittal;250.9973907470703;272.0148010253906;147.90931701660156;194.03050231933594;163.8161163330078
BraTS20_Training_225_axial;299.0021057128906;226.02935791015625;190.07656860351562;191.8507080078125;90.00520324707031
BraTS20_Training_225_coronal;292.9970397949219;227.0074462890625;177.97972106933594;251.93028259277344;14.99722671508789
BraTS20_Training_225_sagittal;519.9852905273438;239.0188446044922;213.9045867919922;251.86256408691406;36.0029182434082
BraTS20_Training_226_coronal;484.02239990234375;406.99346923828125;134.0948028564453;139.78799438476562;0.0072111343033611774
BraTS20_Training_226_sagittal;432.01373291015625;407.97845458984375;146.0626678466797;197.94447326660156;83.99072265625
BraTS20_Training_228_axial;243.00872802734375;325.0206298828125;89.96356964111328;94.10022735595703;90.0001449584961
BraTS20_Training_228_coronal;243.000244140625;423.0138854980469;94.19737243652344;109.94612884521484;89.99356079101562
BraTS20_Training_228_sagittal;394.0005187988281;421.0029296875;90.05854797363281;120.12480926513672;56.19919967651367
BraTS20_Training_229_axial;422.0;358.0028381347656;127.91995239257812;132.0573272705078;0.0
BraTS20_Training_229_coronal;429.99456787109375;216.99807739257812;135.92532348632812;144.0006561279297;3.800698323175311e-05
BraTS20_Training_229_sagittal;351.9960021972656;217.02798461914062;149.98956298828125;174.0640106201172;33.26142120361328
BraTS20_Training_230_axial;491.9664611816406;314.96881103515625;87.98860168457031;114.1887435913086;95.17755889892578
BraTS20_Training_230_coronal;480.0067138671875;180.04144287109375;100.03700256347656;117.96922302246094;0.037643883377313614
BraTS20_Training_230_sagittal;407.9988098144531;187.04530334472656;110.03470611572266;159.9383544921875;170.07826232910156
BraTS20_Training_231_axial;265.9716796875;221.01454162597656;111.90109252929688;152.15223693847656;83.88214874267578
BraTS20_Training_231_coronal;263.0011291503906;263.0036315917969;127.95794677734375;159.968994140625;64.07194519042969
BraTS20_Training_231_sagittal;535.0155639648438;255.99774169921875;143.98033142089844;175.92630004882812;112.73252868652344
BraTS20_Training_235_axial;356.9918212890625;382.00726318359375;157.80296325683594;191.89990234375;20.81786346435547
BraTS20_Training_241_axial;344.98828125;394.0148620605469;129.8874053955078;157.95924377441406;170.12181091308594
BraTS20_Training_242_axial;498.99383544921875;342.9725341796875;101.97317504882812;136.0116729736328;141.8788299560547
BraTS20_Training_243_coronal;233.99224853515625;403.0091552734375;107.899169921875;124.05956268310547;159.5851593017578
BraTS20_Training_243_sagittal;527.9947509765625;409.00921630859375;118.15481567382812;132.04869079589844;9.216117858886719
BraTS20_Training_244_axial;266.98175048828125;209.02728271484375;119.9530029296875;165.85711669921875;22.874481201171875
BraTS20_Training_244_coronal;267.0100402832031;329.0213317871094;149.99790954589844;195.9954376220703;14.898614883422852
BraTS20_Training_244_sagittal;538.9995727539062;341.0036926269531;181.98655700683594;231.92706298828125;39.078182220458984
BraTS20_Training_246_axial;530.9819946289062;218.0271453857422;125.76943969726562;127.95203399658203;134.04078674316406
BraTS20_Training_247_coronal;308.0032043457031;320.981689453125;137.94070434570312;200.0819854736328;16.047046661376953
BraTS20_Training_248_axial;451.9844665527344;194.02796936035156;146.0882110595703;149.93258666992188;143.45947265625
BraTS20_Training_248_coronal;457.9944763183594;267.9917907714844;141.9686737060547;210.06692504882812;166.96324157714844
BraTS20_Training_248_sagittal;555.0049438476562;274.0047912597656;177.9610137939453;219.94195556640625;152.92213439941406
BraTS20_Training_249_axial;556.9728393554688;307.0163269042969;92.10918426513672;108.05009460449219;149.83790588378906
BraTS20_Training_249_coronal;560.0094604492188;440.9797058105469;104.02350616455078;123.99227142333984;140.21705627441406
BraTS20_Training_249_sagittal;412.0075378417969;444.9915466308594;109.99323272705078;145.99253845214844;42.15507125854492
BraTS20_Training_250_coronal;552.986328125;449.0036926269531;52.08367156982422;78.25052642822266;168.7613525390625
BraTS20_Training_251_axial;528.9883422851562;347.0025634765625;88.14400482177734;94.10564422607422;63.8964958190918
BraTS20_Training_251_coronal;532.0042114257812;301.01123046875;104.15880584716797;145.90406799316406;161.0048370361328
BraTS20_Training_251_sagittal;364.0140075683594;300.0080871582031;117.90335845947266;143.9705810546875;179.9999542236328
BraTS20_Training_254_axial;460.019775390625;220.0193328857422;121.97903442382812;175.93199157714844;157.93997192382812
BraTS20_Training_254_coronal;464.9942932128906;262.9996337890625;130.03341674804688;211.79861450195312;13.004419326782227
BraTS20_Training_254_sagittal;515.0357055664062;268.0066223144531;212.0259552001953;229.8643798828125;89.99988555908203
BraTS20_Training_255_axial;529.9970092773438;257.0021667480469;154.05630493164062;207.95521545410156;140.89527893066406
BraTS20_Training_255_sagittal;474.9876403808594;373.0081787109375;184.04806518554688;269.9267578125;55.065208435058594
BraTS20_Training_256_sagittal;461.9980163574219;337.01043701171875;205.97988891601562;265.7523193359375;63.902462005615234
BraTS20_Training_257_axial;245.02366638183594;233.02366638183594;82.14399719238281;92.05426025390625;45.0
BraTS20_Training_257_coronal;252.99595642089844;286.0042724609375;102.08926391601562;116.0183334350586;10.163115501403809
BraTS20_Training_257_sagittal;509.9991455078125;285.99090576171875;102.23566436767578;123.8907699584961;156.02259826660156
BraTS20_Training_258_axial;327.99072265625;434.9891052246094;123.91239929199219;163.8640899658203;96.03878784179688
BraTS20_Training_258_sagittal;263.00885009765625;301.0050964355469;151.88328552246094;194.1259765625;89.99909973144531
BraTS20_Training_259_axial;311.9861755371094;411.002685546875;91.97758483886719;104.03679656982422;89.99866485595703
BraTS20_Training_270_axial;288.00372314453125;327.9720153808594;133.9456024169922;201.96762084960938;26.00175666809082
BraTS20_Training_270_coronal;283.00140380859375;326.98931884765625;147.896240234375;212.00790405273438;21.9794979095459
BraTS20_Training_270_sagittal;396.99053955078125;319.99310302734375;189.90357971191406;221.76963806152344;116.88202667236328
BraTS20_Training_276_axial;284.01580810546875;248.02969360351562;63.994422912597656;80.0626449584961;51.09518814086914
BraTS20_Training_276_coronal;282.0169372558594;222.0115509033203;82.15807342529297;96.2103500366211;0.006848304532468319
BraTS20_Training_276_sagittal;482.9968566894531;222.00009155273438;80.20719146728516;92.01028442382812;179.99986267089844
BraTS20_Training_277_axial;516.9994506835938;136.9996795654297;36.12209701538086;55.986900329589844;44.2651481628418
BraTS20_Training_277_coronal;518.00048828125;307.0423583984375;53.963783264160156;71.84254455566406;179.89755249023438
BraTS20_Training_278_sagittal;555.0180053710938;504.04071044921875;62.05252456665039;74.24453735351562;132.98263549804688
BraTS20_Training_280_axial;542.928466796875;329.98077392578125;32.15121841430664;42.25852966308594;114.7101821899414
BraTS20_Training_280_coronal;538.994384765625;242.02880859375;50.14380645751953;62.01725387573242;42.06513214111328
BraTS20_Training_282_axial;328.00543212890625;333.0123291015625;64.1454086303711;67.97577667236328;129.80477905273438
BraTS20_Training_288_axial;260.9894104003906;291.0079040527344;113.95555114746094;150.16612243652344;56.98728561401367
BraTS20_Training_288_coronal;260.99365234375;424.9818115234375;113.91523742675781;154.01364135742188;50.93056869506836
BraTS20_Training_288_sagittal;431.02923583984375;425.9998779296875;115.87528991699219;187.95291137695312;50.11776351928711
BraTS20_Training_290_axial;406.0161437988281;392.9960632324219;64.17333221435547;76.08726501464844;90.00016784667969
BraTS20_Training_290_coronal;406.0209045410156;228.99032592773438;68.09066009521484;94.15088653564453;158.18096923828125
BraTS20_Training_290_sagittal;311.0077819824219;228.99911499023438;68.18280792236328;83.88927459716797;20.821760177612305
BraTS20_Training_314_coronal;478.99151611328125;289.00396728515625;67.97016143798828;86.26254272460938;15.001540184020996
BraTS20_Training_315_axial;524.9908447265625;286.99188232421875;105.93297576904297;144.0813751220703;94.13028717041016
BraTS20_Training_315_coronal;515.0174560546875;206.02395629882812;136.1640167236328;175.96144104003906;157.122802734375
BraTS20_Training_315_sagittal;430.9952087402344;195.9889678955078;151.8277130126953;188.0321044921875;14.011636734008789
BraTS20_Training_318_sagittal;278.009033203125;289.9853210449219;185.83851623535156;211.87432861328125;143.0327606201172
BraTS20_Training_332_axial;505.03271484375;412.0118408203125;62.06584167480469;64.2749252319336;89.93620300292969
BraTS20_Training_332_coronal;503.9719543457031;184.0441131591797;46.140193939208984;72.01679992675781;134.02793884277344
BraTS20_Training_332_sagittal;287.9916687011719;177.00625610351562;59.746212005615234;80.01232147216797;46.97867202758789
BraTS20_Training_334_axial;278.9968566894531;247.99456787109375;76.07936096191406;99.88560485839844;76.86634063720703
BraTS20_Training_334_coronal;277.9915771484375;339.9847717285156;102.14415740966797;114.01113891601562;135.93162536621094
BraTS20_Training_334_sagittal;488.9717102050781;340.9881896972656;85.98050689697266;120.1259765625;134.92860412597656
BraTS20_Training_336_axial;458.9745178222656;174.98609924316406;146.0252685546875;173.98458862304688;154.80137634277344
BraTS20_Training_336_coronal;459.9935302734375;265.00537109375;131.8881378173828;220.0507049560547;164.0502471923828
BraTS20_Training_336_sagittal;579.9976196289062;276.022216796875;187.90267944335938;234.07345581054688;160.9319610595703
BraTS20_Training_337_axial;326.0142822265625;196.0038604736328;121.95570373535156;163.9359588623047;33.08989715576172
BraTS20_Training_337_coronal;327.9979553222656;230.996826171875;124.11088562011719;213.9999237060547;16.96556854248047
BraTS20_Training_337_sagittal;547.9987182617188;229.0083770751953;171.81517028808594;208.0682830810547;31.117088317871094
BraTS20_Training_338_axial;306.98760986328125;323.9822998046875;147.9474334716797;151.9517822265625;140.26815795898438
BraTS20_Training_338_coronal;302.00018310546875;351.0003356933594;136.0704345703125;187.9969940185547;29.053495407104492
BraTS20_Training_338_sagittal;395.01202392578125;333.00079345703125;166.0679931640625;199.99688720703125;133.9642333984375
BraTS20_Training_339_axial;327.0172424316406;218.9844970703125;116.1527099609375;172.00839233398438;44.037200927734375
BraTS20_Training_339_coronal;315.0009765625;307.0124816894531;137.86273193359375;209.9994659423828;178.95545959472656
BraTS20_Training_339_sagittal;519.0103149414062;300.99249267578125;198.08447265625;208.0050048828125;179.99998474121094
BraTS20_Training_340_axial;385.01995849609375;290.9900817871094;160.0593719482422;169.93690490722656;89.99559020996094
BraTS20_Training_343_axial;263.0218811035156;265.00091552734375;143.91482543945312;168.03213500976562;126.00894927978516
BraTS20_Training_343_coronal;265.98834228515625;376.0022277832031;143.9611358642578;195.87327575683594;27.95115852355957
BraTS20_Training_343_sagittal;471.0079345703125;380.9935302734375;173.96641540527344;191.9711456298828;145.18092346191406
BraTS20_Training_345_coronal;317.00927734375;229.0111846923828;66.09258270263672;92.16998291015625;0.001985979964956641
BraTS20_Training_346_axial;349.0111999511719;247.02488708496094;139.9521026611328;189.8877716064453;159.96226501464844
BraTS20_Training_346_sagittal;498.99560546875;240.00257873535156;188.10940551757812;243.8578643798828;39.02126693725586
BraTS20_Training_347_axial;366.01141357421875;387.98883056640625;110.07699584960938;129.98899841308594;15.938186645507812
BraTS20_Training_347_coronal;372.989990234375;209.01072692871094;117.9628677368164;173.9414520263672;9.073193550109863
BraTS20_Training_347_sagittal;323.0063781738281;219.01068115234375;147.9717559814453;192.0575714111328;23.992578506469727
BraTS20_Training_348_sagittal;517.999755859375;249.02723693847656;172.07546997070312;197.83151245117188;179.9999237060547
BraTS20_Training_349_axial;341.9949035644531;408.9747314453125;202.0207061767578;241.8328399658203;127.82323455810547
BraTS20_Training_349_coronal;330.987060546875;261.9930725097656;143.8881072998047;233.97218322753906;100.01033020019531
BraTS20_Training_350_axial;330.998779296875;203.99342346191406;136.10372924804688;138.06057739257812;179.99501037597656
BraTS20_Training_350_coronal;326.0030822753906;330.0028991699219;137.92538452148438;207.88912963867188;22.011024475097656
BraTS20_Training_350_sagittal;542.9968872070312;325.005126953125;173.98928833007812;209.97723388671875;31.105493545532227
BraTS20_Training_351_axial;519.0037231445312;356.99285888671875;112.14424133300781;117.99642944335938;167.20396423339844
BraTS20_Training_351_coronal;511.986328125;432.01898193359375;118.09596252441406;153.89718627929688;10.164714813232422
BraTS20_Training_351_sagittal;352.00250244140625;434.0028381347656;131.98468017578125;162.0628662109375;28.219715118408203
BraTS20_Training_353_axial;511.99456787109375;189.00205993652344;100.03407287597656;116.09314727783203;179.95550537109375
BraTS20_Training_353_coronal;518.9931030273438;449.0088195800781;95.9380874633789;120.08209991455078;143.8505096435547
BraTS20_Training_353_sagittal;566.9981689453125;452.9761657714844;107.86729431152344;156.0797576904297;116.08428955078125
BraTS20_Training_355_axial;319.97796630859375;332.0089416503906;155.9322052001953;205.96157836914062;142.07553100585938
BraTS20_Training_355_coronal;326.00830078125;182.99215698242188;154.0186767578125;229.8212432861328;27.009273529052734
BraTS20_Training_355_sagittal;382.0103454589844;192.02210998535156;217.8957061767578;231.93113708496094;150.8607940673828
BraTS20_Training_356_axial;518.9869384765625;159.9954071044922;91.89908599853516;120.00302124023438;100.03717041015625
BraTS20_Training_356_coronal;524.9886474609375;321.0140686035156;107.97952270507812;196.10263061523438;158.04441833496094
BraTS20_Training_356_sagittal;607.0036010742188;315.02703857421875;131.97845458984375;192.0830841064453;171.96340942382812
BraTS20_Training_357_axial;274.01800537109375;276.9945983886719;79.86739349365234;130.00082397460938;55.124488830566406
BraTS20_Training_358_coronal;239.01785278320312;370.0262145996094;97.8863525390625;130.2256622314453;0.011685320176184177
BraTS20_Training_358_sagittal;473.0049743652344;375.0127258300781;131.8703155517578;172.02137756347656;46.0485954284668
BraTS20_Training_359_axial;275.0096130371094;190.998291015625;119.93787384033203;136.0191192626953;89.99858093261719
BraTS20_Training_359_coronal;270.0033264160156;307.99407958984375;146.07623291015625;205.91940307617188;17.010717391967773
BraTS20_Training_359_sagittal;571.9893798828125;308.0122985839844;153.86192321777344;211.99525451660156;22.14318084716797
BraTS20_Training_360_axial;321.9846496582031;352.98492431640625;133.943359375;191.85560607910156;110.05743408203125
BraTS20_Training_360_coronal;319.0271301269531;201.01206970214844;149.8184814453125;196.1146697998047;89.9981689453125
BraTS20_Training_360_sagittal;361.98779296875;195.01870727539062;149.864501953125;184.00418090820312;90.01541137695312
BraTS20_Training_362_sagittal;391.9981689453125;404.9789123535156;181.9569854736328;237.65162658691406;17.117952346801758
BraTS20_Training_363_axial;522.9849243164062;330.9833679199219;144.07412719726562;153.90830993652344;145.68406677246094
BraTS20_Training_363_sagittal;382.0157775878906;362.0137023925781;172.2254180908203;210.02691650390625;45.03676986694336
BraTS20_Training_364_axial;257.0205078125;341.98468017578125;107.98745727539062;163.9514923095703;9.02583122253418
BraTS20_Training_364_coronal;248.01223754882812;423.9993896484375;123.9617691040039;174.0449676513672;163.0076446533203
BraTS20_Training_364_sagittal;347.984375;425.0125732421875;187.89620971679688;249.89035034179688;65.02731323242188
BraTS20_Training_365_axial;274.98980712890625;241.01490783691406;149.95660400390625;180.211181640625;89.99858856201172
BraTS20_Training_365_coronal;274.00689697265625;288.0343322753906;165.97268676757812;189.74371337890625;0.00025690783513709903
BraTS20_Training_365_sagittal;503.04010009765625;277.0174255371094;174.06402587890625;202.14271545410156;89.99977111816406
BraTS20_Training_366_axial;480.9866943359375;150.98556518554688;96.00198364257812;144.1934051513672;146.92202758789062
BraTS20_Training_367_axial;286.986328125;252.99937438964844;109.96309661865234;141.98602294921875;26.838167190551758
BraTS20_Training_367_coronal;279.00115966796875;375.0050048828125;98.01329803466797;140.07846069335938;26.056182861328125
BraTS20_Training_367_sagittal;478.9842529296875;376.0024108886719;127.93647003173828;181.86965942382812;63.81622314453125
BraTS20_Training_369_axial;349.99725341796875;390.0261535644531;114.15691375732422;167.84933471679688;144.92034912109375
BraTS20_Training_369_sagittal;314.9993896484375;190.00804138183594;186.09815979003906;217.97010803222656;168.0594482421875
