Image;Perspective;Segmented;Similarity;Area Original Mask;Area Mask;Difference Between Masks;Percentage Over Original Mask Total Area
BraTS20_Training_001;Coronal;True;0,047112719647820545;23165.5;23476.0;1785;7,596714474188195
BraTS20_Training_001;Axial;True;0,11768036443584179;19169.5;15966.0;3505;18,02890797798467
BraTS20_Training_001;Sagittal;True;0,13988273616984925;22505.0;14959.0;7691;33,607166266113175
BraTS20_Training_002;Coronal;True;0,07357364153826274;10969.0;8770.5;2288;20,36311854752581
BraTS20_Training_002;Axial;True;0,08615592145766987;7165.5;6276.0;1228;16,75764192139738
BraTS20_Training_002;Sagittal;True;0,0396031203772646;13542.0;12234.0;1811;13,140327964011028
BraTS20_Training_003;Coronal;True;0,18811411379898818;4388.0;3495.5;1059;23,42920353982301
BraTS20_Training_003;Axial;True;0,15721661459066882;3281.5;2450.5;906;26,773049645390074
BraTS20_Training_003;Sagittal;True;0,10152192304912855;5653.0;3649.0;2068;35,53264604810997
BraTS20_Training_004;Coronal;True;0,07295949146549913;14948.5;11564.5;3554;23,393891521853607
BraTS20_Training_004;Axial;True;0,485573828814068;9973.5;5139.0;4835;47,61201378631216
BraTS20_Training_004;Sagittal;True;0,1026303502340565;19837.0;13795.5;6088;30,29307856894064
BraTS20_Training_005;Coronal;True;0,14588456341634992;14641.0;6853.5;7977;53,29013294141225
BraTS20_Training_005;Axial;True;0,36296241893320025;11015.0;5400.5;6041;53,45544642067074
BraTS20_Training_005;Sagittal;False;0;0.0;0.0;0;0
BraTS20_Training_006;Coronal;False;0;0.0;0.0;0;0
BraTS20_Training_006;Axial;True;0,04999500195755108;14724.0;11748.0;3403;22,754931461049814
BraTS20_Training_006;Sagittal;True;0,05672730964310485;30308.0;24752.0;5703;18,56566182694186
BraTS20_Training_007;Coronal;False;0;0.0;0.0;0;0
BraTS20_Training_007;Axial;True;0,06936777050950382;6902.5;5040.0;1993;28,094164082323093
BraTS20_Training_007;Sagittal;True;0,31337015212598657;10267.5;8515.0;3093;29,311978771796817
BraTS20_Training_008;Coronal;True;0,8207930518735999;2825.5;2919.0;777;26,276631721339193
BraTS20_Training_008;Axial;True;0,8315547224366507;1952.5;876.5;1136;55,0921435499515
BraTS20_Training_008;Sagittal;True;0,09551380756810116;1915.5;1038.0;904;45,222611305652826
BraTS20_Training_009;Coronal;False;0;0.0;0.0;0;0
BraTS20_Training_009;Axial;True;0,05177165164653691;28299.5;17768.0;10920;38,1151832460733
BraTS20_Training_009;Sagittal;False;0;0.0;0.0;0;0
BraTS20_Training_010;Coronal;True;0,08724195041975813;7440.5;6732.0;1031;13,567574680879064
BraTS20_Training_010;Axial;True;0,2170334675316269;5002.0;3134.5;1903;37,13895394223263
BraTS20_Training_010;Sagittal;True;0,049506911517300634;7619.0;3945.0;3740;47,89959016393443
BraTS20_Training_011;Coronal;True;0,10728967449661858;10084.0;7674.0;3006;28,990259427138586
BraTS20_Training_011;Axial;True;0,18399629442148757;6789.5;3788.5;3162;45,177882554650665
BraTS20_Training_011;Sagittal;True;0,08576253199205863;11417.5;6346.5;5388;45,87874659400545
BraTS20_Training_012;Coronal;True;0,0641740279801103;7406.5;5167.0;2353;31,087329898269257
BraTS20_Training_012;Axial;True;0,09342418754476839;5939.0;4184.0;1886;30,978975032851512
BraTS20_Training_012;Sagittal;True;0,06343715956496485;8431.5;5645.0;2924;33,862188766647364
BraTS20_Training_013;Coronal;False;0;0.0;0.0;0;0
BraTS20_Training_013;Axial;True;0,03794168099437062;8418.0;7470.0;1654;19,239269512620684
BraTS20_Training_013;Sagittal;False;0;0.0;0.0;0;0
BraTS20_Training_014;Coronal;True;0,050640722826410745;16486.0;12427.0;4739;28,23690639337425
BraTS20_Training_014;Axial;True;0,04186325996763532;17225.0;7076.5;10643;60,751184428334945
BraTS20_Training_014;Sagittal;True;0,10533039488252069;20561.0;10711.0;10006;47,861857839854586
BraTS20_Training_015;Coronal;True;0,23413960787930357;11881.0;5876.5;6157;50,516901870692486
BraTS20_Training_015;Axial;True;0,14878635867938883;10259.5;6573.0;3890;37,09708182338356
BraTS20_Training_015;Sagittal;True;0,2829423279162282;16509.5;8096.0;8545;50,86612298351092
BraTS20_Training_016;Coronal;False;0;0.0;0.0;0;0
BraTS20_Training_016;Axial;True;0,1458862841194551;16023.0;9246.5;6825;41,98966408268734
BraTS20_Training_016;Sagittal;True;0,07558310515055622;23466.0;14492.5;9233;38,5559777842736
BraTS20_Training_017;Coronal;True;1,765018013813354;10673.0;7416.5;4104;37,44867232411717
BraTS20_Training_017;Axial;True;0,0719887499353688;10177.5;7261.5;3369;32,466030644694996
BraTS20_Training_017;Sagittal;True;0,15956529712285802;14297.0;8040.0;6423;43,91794871794872
BraTS20_Training_018;Coronal;True;0,5072011441300495;3334.0;2907.0;1140;32,78688524590164
BraTS20_Training_018;Axial;True;0,1750941660139837;2086.5;963.5;1160;53,35786568537259
BraTS20_Training_018;Sagittal;True;0,517413851584102;4636.0;1548.5;3181;66,36761944502399
BraTS20_Training_019;Coronal;True;0,11981956822001733;12827.0;9728.0;3443;26,196454386365364
BraTS20_Training_019;Axial;True;0,2679663814654818;8807.5;6939.0;2431;27,083333333333332
BraTS20_Training_019;Sagittal;False;0;0.0;0.0;0;0
BraTS20_Training_020;Coronal;False;0;0.0;0.0;0;0
BraTS20_Training_020;Axial;False;0;0.0;0.0;0;0
BraTS20_Training_020;Sagittal;False;0;0.0;0.0;0;0
BraTS20_Training_021;Coronal;False;0;0.0;0.0;0;0
BraTS20_Training_021;Axial;True;0,29716885330593784;4131.5;1073.0;3192;74,28438445427042
BraTS20_Training_021;Sagittal;False;0;0.0;0.0;0;0
BraTS20_Training_022;Coronal;False;0;0.0;0.0;0;0
BraTS20_Training_022;Axial;True;0,1131026355115774;11968.5;7890.5;4207;34,537394302602415
BraTS20_Training_022;Sagittal;True;0,09572257613086133;20535.5;11150.0;9540;45,65248600277552
BraTS20_Training_023;Coronal;True;0,06392831270558069;13188.0;9297.5;4169;30,931889004303308
BraTS20_Training_023;Axial;True;0,06896210416590631;8516.0;6447.5;2099;24,187600829684257
BraTS20_Training_023;Sagittal;True;0,03064819937998886;15142.5;10437.0;4789;31,08730931515742
BraTS20_Training_024;Coronal;True;0,07531769455982659;21054.0;9250.5;12100;56,226765799256505
BraTS20_Training_024;Axial;True;0,2356474143184105;15884.5;6804.0;9239;56,971079731146325
BraTS20_Training_024;Sagittal;True;0,45928329745454605;27115.0;10572.0;17082;61,46815401223462
BraTS20_Training_025;Coronal;True;0,39705671640639917;20985.5;17100.0;7606;35,75424246697692
BraTS20_Training_025;Axial;True;0,044791504797894316;10464.5;9413.0;1166;10,955557643521562
BraTS20_Training_025;Sagittal;True;0,03538983704799928;25527.0;20503.5;5102;19,723972629218693
BraTS20_Training_026;Coronal;True;0,19491266019749554;23488.0;10583.5;13123;54,99078109285954
BraTS20_Training_026;Axial;True;0,5609875161683902;18558.5;6840.5;12020;63,44681974135656
BraTS20_Training_026;Sagittal;True;0,248574527251257;27698.0;9620.0;18365;65,23515203182723
BraTS20_Training_027;Coronal;True;0,08235149621781512;18731.0;13305.0;6646;34,80310012568077
BraTS20_Training_027;Axial;True;0,15160375255381608;12023.0;8654.0;3687;30,144714250674514
BraTS20_Training_027;Sagittal;True;0,08758355958614275;20940.5;16534.0;5502;25,87715172608409
BraTS20_Training_028;Coronal;True;0,11897966164637169;10765.5;8481.5;2752;25,10948905109489
BraTS20_Training_028;Axial;False;0;0.0;0.0;0;0
BraTS20_Training_028;Sagittal;False;0;0.0;0.0;0;0
BraTS20_Training_029;Coronal;True;0,14634746249486136;7616.5;6960.5;1028;13,226968605249615
BraTS20_Training_029;Axial;True;0,057947653187539305;5233.5;3838.5;1415;26,345187115993298
BraTS20_Training_029;Sagittal;True;0,04599929961532201;6760.0;4790.5;2032;29,254247048661096
BraTS20_Training_030;Coronal;False;0;0.0;0.0;0;0
BraTS20_Training_030;Axial;False;0;0.0;0.0;0;0
BraTS20_Training_030;Sagittal;False;0;0.0;0.0;0;0
BraTS20_Training_031;Coronal;True;0,40010791233836623;24447.0;7082.0;17726;71,08312948630548
BraTS20_Training_031;Axial;True;0,433608999643942;14718.0;5833.5;9019;60,03461359249152
BraTS20_Training_031;Sagittal;False;0;0.0;0.0;0;0
BraTS20_Training_032;Coronal;False;0;0.0;0.0;0;0
BraTS20_Training_032;Axial;True;0,7189304264536487;8232.5;27308.5;218;2,5955470889391594
BraTS20_Training_032;Sagittal;False;0;0.0;0.0;0;0
BraTS20_Training_033;Coronal;True;0,040757307265665454;16792.0;16696.0;1258;7,36232223327676
BraTS20_Training_033;Axial;True;0,03338449579255093;8862.0;6735.0;2184;24,19408441342639
BraTS20_Training_033;Sagittal;True;0,07073203574791162;15663.0;10837.5;4917;30,82565356403987
BraTS20_Training_034;Coronal;False;0;0.0;0.0;0;0
BraTS20_Training_034;Axial;True;0,0610829841802244;13810.5;11624.0;2997;21,381179995719485
BraTS20_Training_034;Sagittal;False;0;0.0;0.0;0;0
BraTS20_Training_035;Coronal;True;0,11902118754369717;29514.0;13735.0;16494;55,051567037148295
BraTS20_Training_035;Axial;False;0;0.0;0.0;0;0
BraTS20_Training_035;Sagittal;False;0;0.0;0.0;0;0
BraTS20_Training_036;Coronal;True;0,01278556235463818;8123.5;5399.0;2784;33,52601156069364
BraTS20_Training_036;Axial;True;0,11326957264720763;4928.5;3408.5;1589;31,3288643533123
BraTS20_Training_036;Sagittal;False;0;0.0;0.0;0;0
BraTS20_Training_037;Coronal;True;0,7681685364230177;15041.5;16292.5;2394;15,536374845869297
BraTS20_Training_037;Axial;True;0,23139645589785585;14921.5;10547.5;4665;30,78801478352693
BraTS20_Training_037;Sagittal;True;0,12061834794658874;15845.0;9555.5;6521;40,20097404598977
BraTS20_Training_038;Coronal;False;0;0.0;0.0;0;0
BraTS20_Training_038;Axial;False;0;0.0;0.0;0;0
BraTS20_Training_038;Sagittal;True;0,16795669303398333;32000.0;9835.5;22401;68,76957082335605
BraTS20_Training_039;Coronal;True;0,31521081339545265;16955.0;12938.0;4804;27,886457305392696
BraTS20_Training_039;Axial;True;0,10864565289275852;11439.5;6621.0;4885;41,94213102086374
BraTS20_Training_039;Sagittal;True;0,05289537758010149;14143.5;7832.5;6369;44,32150313152401
BraTS20_Training_040;Coronal;True;0,0575068114706504;20270.5;16664.5;4063;19,644152202291735
BraTS20_Training_040;Axial;True;0,06368754202644783;20830.0;15968.5;5313;25,057774843182568
BraTS20_Training_040;Sagittal;True;0,24783522952434903;28101.0;18457.5;9846;34,52677350352422
BraTS20_Training_041;Coronal;True;0,08978472883889257;23277.0;15837.0;7820;33,11033957151325
BraTS20_Training_041;Axial;True;0,19533814936763555;13050.5;11125.5;2059;15,511526291999397
BraTS20_Training_041;Sagittal;True;0,46256007365697266;20175.5;8044.5;12178;59,401980391200425
BraTS20_Training_042;Coronal;True;8,68847810498992;25074.0;7125.5;19654;77,30186823992133
BraTS20_Training_042;Axial;True;0,2187134550384212;13493.0;12133.5;2618;19,091373149566103
BraTS20_Training_042;Sagittal;True;0,06554909169519729;22932.0;19047.0;4516;19,399458739636582
BraTS20_Training_043;Coronal;True;0,39376745648183314;8499.0;5084.0;3563;40,822639780018335
BraTS20_Training_043;Axial;False;0;0.0;0.0;0;0
BraTS20_Training_043;Sagittal;False;0;0.0;0.0;0;0
BraTS20_Training_044;Coronal;True;0,24711965157308624;3797.5;1018.0;2942;73,23873537465771
BraTS20_Training_044;Axial;False;0;0.0;0.0;0;0
BraTS20_Training_044;Sagittal;True;0,6748928556330176;4276.0;568.0;3901;86,47749944579915
BraTS20_Training_045;Coronal;True;0,4321257159162186;27645.5;20029.5;9379;33,44506650501016
BraTS20_Training_045;Axial;False;0;0.0;0.0;0;0
BraTS20_Training_045;Sagittal;True;0,23829452264159728;37106.5;21863.5;15453;41,08966177409062
BraTS20_Training_046;Coronal;False;0;0.0;0.0;0;0
BraTS20_Training_046;Axial;False;0;0.0;0.0;0;0
BraTS20_Training_046;Sagittal;False;0;0.0;0.0;0;0
BraTS20_Training_047;Coronal;True;0,09582211472156676;36028.5;27503.0;9292;25,423404197105253
BraTS20_Training_047;Axial;False;0;0.0;0.0;0;0
BraTS20_Training_047;Sagittal;True;0,21880771942768243;27845.5;12355.5;15671;55,39021631556624
BraTS20_Training_048;Coronal;True;0,1282560648548928;4286.0;3559.5;1069;24,15819209039548
BraTS20_Training_048;Axial;True;1,0385652362440903;3041.5;1168.5;1845;58,79541108986616
BraTS20_Training_048;Sagittal;True;1,1874213820026083;4498.5;1301.0;3235;69,7950377562028
BraTS20_Training_049;Coronal;True;0,07307227269174948;7230.0;6285.0;1334;17,94699313870577
BraTS20_Training_049;Axial;True;0,031845341593793514;5091.0;3787.0;1324;25,349416044418916
BraTS20_Training_049;Sagittal;True;0,06705351538076498;8058.0;5541.0;2614;31,524360829715388
BraTS20_Training_050;Coronal;True;0,5324476495908811;31053.0;7874.0;23269;74,08857897920845
BraTS20_Training_050;Axial;True;0,08885719761458602;20141.5;16531.0;4109;20,119473143025022
BraTS20_Training_050;Sagittal;True;0,08932280867488629;33759.5;26566.0;7463;21,848468879911
BraTS20_Training_051;Coronal;True;0,13699392935655008;12086.0;5613.5;6616;53,39790153349475
BraTS20_Training_051;Axial;True;0,11554105382044128;9959.5;6882.0;3120;30,735888089843368
BraTS20_Training_051;Sagittal;True;0,10931192563385161;15167.0;11237.0;4103;26,407929458711465
BraTS20_Training_052;Coronal;True;0,2707073650236343;11894.5;10872.5;2998;24,756399669694467
BraTS20_Training_052;Axial;True;0,07394331787465361;8428.0;7077.0;1720;20,020952159236412
BraTS20_Training_052;Sagittal;True;0,10147960676256434;15027.0;11570.5;3582;23,456224215833934
BraTS20_Training_053;Coronal;True;0,16919699586304965;15727.5;9593.5;6260;39,05908778935546
BraTS20_Training_053;Axial;True;0,12494530361952205;8816.0;7900.0;1217;13,537263626251391
BraTS20_Training_053;Sagittal;True;0,24787389201775045;13973.5;8732.0;5485;38,421126365928835
BraTS20_Training_054;Coronal;True;0,11938448641458271;22888.0;12315.5;10727;46,143588420011184
BraTS20_Training_054;Axial;True;0,0907845002509037;17026.5;7759.5;9404;54,22047970479705
BraTS20_Training_054;Sagittal;True;0,19009755297032702;32537.0;11935.0;20780;63,01934857766726
BraTS20_Training_055;Coronal;True;0,12463775119222459;12828.5;9989.5;3138;23,910393172813166
BraTS20_Training_055;Axial;True;0,06102458590607207;8672.0;5571.0;3322;37,22545943523084
BraTS20_Training_055;Sagittal;True;0,03488938881071907;12537.5;6912.5;5888;45,512870062611114
BraTS20_Training_056;Coronal;False;0;0.0;0.0;0;0
BraTS20_Training_056;Axial;True;4,12428953658119;18489.5;11961.0;9493;50,27805730628674
BraTS20_Training_056;Sagittal;True;0,3486704643105684;32257.0;15012.5;17643;53,673450762069905
BraTS20_Training_057;Coronal;True;0,25329751762930475;9868.0;11962.5;662;6,5746350183732245
BraTS20_Training_057;Axial;True;0,06666857116044583;5859.5;3706.0;2173;36,25896879692975
BraTS20_Training_057;Sagittal;True;0,09528355618083134;11366.5;8741.0;2669;23,044379209117597
BraTS20_Training_058;Coronal;False;0;0.0;0.0;0;0
BraTS20_Training_058;Axial;False;0;0.0;0.0;0;0
BraTS20_Training_058;Sagittal;False;0;0.0;0.0;0;0
BraTS20_Training_059;Coronal;True;0,16433480533271233;2817.0;1887.5;995;33,6262250760392
BraTS20_Training_059;Axial;True;0,06673234713244747;2161.5;1108.0;1079;48,08377896613191
BraTS20_Training_059;Sagittal;True;0,04233210216225733;3422.5;1746.0;1804;49,848024316109424
BraTS20_Training_060;Coronal;False;0;0.0;0.0;0;0
BraTS20_Training_060;Axial;True;0,2259507134505397;14520.0;3862.0;10784;73,19622615896287
BraTS20_Training_060;Sagittal;True;0,16268206462014637;21145.0;15046.5;6578;30,532862978091345
BraTS20_Training_061;Coronal;True;1,1228915033694382;11186.0;19235.0;765;6,714060031595577
BraTS20_Training_061;Axial;True;0,1109065248112959;6633.0;5623.0;1282;18,908554572271385
BraTS20_Training_061;Sagittal;True;0,136342640001492;11604.0;8709.0;3453;29,245362920301517
BraTS20_Training_062;Coronal;True;0,01614615179569051;24752.0;20906.0;3986;15,867202738744476
BraTS20_Training_062;Axial;True;0,03209162858154396;17852.5;14879.5;2994;16,54692163148005
BraTS20_Training_062;Sagittal;True;0,030806610344265545;23873.5;19205.0;4854;19,983532317826267
BraTS20_Training_063;Coronal;False;0;0.0;0.0;0;0
BraTS20_Training_063;Axial;True;0,21703630541992397;2400.5;1405.0;1285;51,19521912350598
BraTS20_Training_063;Sagittal;False;0;0.0;0.0;0;0
BraTS20_Training_064;Coronal;False;0;0.0;0.0;0;0
BraTS20_Training_064;Axial;True;0,21534670664167727;26528.0;15126.5;11532;42,83326523790068
BraTS20_Training_064;Sagittal;False;0;0.0;0.0;0;0
BraTS20_Training_065;Coronal;True;0,04224628139568212;4620.5;4236.5;604;12,745304916649083
BraTS20_Training_065;Axial;True;0,1120726270965125;3472.0;3439.5;293;8,184357541899441
BraTS20_Training_065;Sagittal;True;0,07575551537986835;4016.0;3100.0;929;22,504844961240313
BraTS20_Training_066;Coronal;True;0,045288225992650255;14304.5;7643.0;6969;47,602459016393446
BraTS20_Training_066;Axial;True;0,12794921957556615;10882.5;6311.5;4943;44,347748071056884
BraTS20_Training_066;Sagittal;True;0,8931737923999921;15339.5;3118.5;12387;79,01888236795101
BraTS20_Training_067;Coronal;True;0,16896816490128372;31595.5;15467.0;16943;52,7572785302818
BraTS20_Training_067;Axial;True;0,1200743037283267;16200.0;8036.0;8282;50,130137400883726
BraTS20_Training_067;Sagittal;True;0,08012090081164164;27848.5;18307.0;9700;34,314419131173054
BraTS20_Training_068;Coronal;True;0,11765052551321042;21228.5;12637.0;9171;42,58450965824665
BraTS20_Training_068;Axial;True;0,8665454289727321;14655.0;13780.5;2759;18,508083450727845
BraTS20_Training_068;Sagittal;True;0,10967420935890879;21530.0;13511.5;8038;36,81751557347013
BraTS20_Training_069;Coronal;True;0,29137933917531744;20514.0;8795.5;11936;56,97646665711967
BraTS20_Training_069;Axial;True;0,25422284756682517;16758.0;13983.0;4711;27,651581851264893
BraTS20_Training_069;Sagittal;True;0,16446670382913278;21874.0;13000.0;9057;40,527116520494005
BraTS20_Training_070;Coronal;False;0;0.0;0.0;0;0
BraTS20_Training_070;Axial;True;0,10689250079543197;16396.5;2120.5;14669;87,69653853051952
BraTS20_Training_070;Sagittal;False;0;0.0;0.0;0;0
BraTS20_Training_071;Coronal;True;0,3188252441322876;13909.5;8293.0;6416;44,76383171701667
BraTS20_Training_071;Axial;True;0,1417663640785896;10672.5;3568.5;7198;65,84941908334095
BraTS20_Training_071;Sagittal;True;0,21412273909972426;20564.5;5025.0;15834;75,23519908771263
BraTS20_Training_072;Coronal;True;0,40645483974291385;32008.0;15319.0;17058;52,291468685815886
BraTS20_Training_072;Axial;True;0,15711911582416233;17491.5;10448.0;7069;39,87702374908332
BraTS20_Training_072;Sagittal;True;0,043090940104426545;29058.0;19815.5;9322;31,687004996770796
BraTS20_Training_073;Coronal;True;0,20751539932902355;13091.0;7439.0;5718;42,950499511755424
BraTS20_Training_073;Axial;True;0,15908857834358409;10346.5;8247.5;2376;22,517058377558758
BraTS20_Training_073;Sagittal;True;0,04458364888026939;12849.5;8972.0;4067;31,114681355672865
BraTS20_Training_074;Coronal;False;0;0.0;0.0;0;0
BraTS20_Training_074;Axial;False;0;0.0;0.0;0;0
BraTS20_Training_074;Sagittal;False;0;0.0;0.0;0;0
BraTS20_Training_075;Coronal;False;0;0.0;0.0;0;0
BraTS20_Training_075;Axial;True;0,13255641064084675;30843.0;10778.0;20181;64,76156857711315
BraTS20_Training_075;Sagittal;True;1,5236201389545214;44179.5;5921.5;38535;86,39553393269512
BraTS20_Training_076;Coronal;False;0;0.0;0.0;0;0
BraTS20_Training_076;Axial;False;0;0.0;0.0;0;0
BraTS20_Training_076;Sagittal;True;0,203644872124145;17034.0;7669.5;9764;55,963776007336506
BraTS20_Training_077;Coronal;True;0,02152459582084343;10366.5;9641.5;1409;13,339013537820696
BraTS20_Training_077;Axial;True;0,032199253819522405;5777.0;5046.0;903;15,276602943664356
BraTS20_Training_077;Sagittal;True;0,03419383268461504;9457.0;7483.5;2050;21,27880423500104
BraTS20_Training_078;Coronal;True;0,04496754442348236;6679.5;5226.0;1836;26,79118634174814
BraTS20_Training_078;Axial;True;0,30540286304444697;5144.5;3403.0;1802;33,96795475966069
BraTS20_Training_078;Sagittal;True;0,0656703398935273;8734.5;6364.5;2456;27,355758520828694
BraTS20_Training_079;Coronal;False;0;0.0;0.0;0;0
BraTS20_Training_079;Axial;False;0;0.0;0.0;0;0
BraTS20_Training_079;Sagittal;False;0;0.0;0.0;0;0
BraTS20_Training_080;Coronal;True;0,3828562997018471;7551.0;6657.0;2159;27,966321243523318
BraTS20_Training_080;Axial;True;0,06824046406031731;7662.5;5367.5;2337;29,8391215526047
BraTS20_Training_080;Sagittal;True;0,2465557226602651;9807.5;4777.0;5066;50,4883396452063
BraTS20_Training_081;Coronal;True;0,8430474673134712;13632.0;6327.0;7726;55,75521397127805
BraTS20_Training_081;Axial;True;0,5860414883671561;8426.0;3656.0;5078;59,122132960763764
BraTS20_Training_081;Sagittal;True;0,09854045112369325;12964.0;9613.5;3421;25,900969109630527
BraTS20_Training_082;Coronal;True;0,5265466762109846;6566.0;7524.0;1355;19,988198849387814
BraTS20_Training_082;Axial;True;0,14546241763621476;6453.0;3781.0;2905;43,20987654320987
BraTS20_Training_082;Sagittal;True;1,2597650624921233;7062.0;7588.5;2730;37,62403528114664
BraTS20_Training_083;Coronal;True;0,15159593470000854;8129.0;5792.5;2934;35,13351694407855
BraTS20_Training_083;Axial;True;1,9244860890582265;7193.5;10815.0;789;10,744927141495301
BraTS20_Training_083;Sagittal;True;0,08999845766546313;9661.5;7433.5;2250;22,879804758999388
BraTS20_Training_084;Coronal;True;0,09257692124746003;14465.0;11343.0;3530;24,0217761143246
BraTS20_Training_084;Axial;True;0,07168105918837087;13374.5;10506.5;2900;21,326665686130315
BraTS20_Training_084;Sagittal;True;0,0699718178844401;18539.5;13765.5;5218;27,697860820638038
BraTS20_Training_085;Coronal;True;0,44702550981058414;8062.0;5655.5;3111;37,617896009673515
BraTS20_Training_085;Axial;True;0,11935188085837961;4209.5;3521.0;774;17,891816920943135
BraTS20_Training_085;Sagittal;True;0,14175694421986196;8839.0;5145.0;3808;41,966056865770334
BraTS20_Training_086;Coronal;False;0;0.0;0.0;0;0
BraTS20_Training_086;Axial;True;0,16300998557802554;1071.5;883.5;1134;100,0
BraTS20_Training_086;Sagittal;False;0;0.0;0.0;0;0
BraTS20_Training_087;Coronal;False;0;0.0;0.0;0;0
BraTS20_Training_087;Axial;False;0;0.0;0.0;0;0
BraTS20_Training_087;Sagittal;False;0;0.0;0.0;0;0
BraTS20_Training_088;Coronal;True;0,5381267160554732;13286.5;7878.0;5966;44,06854779140198
BraTS20_Training_088;Axial;True;0,0542687056125587;7033.5;5179.0;2208;30,71786310517529
BraTS20_Training_088;Sagittal;True;0,07150338394260891;11702.0;7741.0;4207;35,12859051436206
BraTS20_Training_089;Coronal;True;0,21324464545976127;13958.5;15594.0;1805;12,689820022497189
BraTS20_Training_089;Axial;True;0,03906547581320788;10409.5;5741.5;4915;46,02490869931641
BraTS20_Training_089;Sagittal;False;0;0.0;0.0;0;0
BraTS20_Training_090;Coronal;True;0,19942315432795868;16882.5;15460.5;3356;19,56509065469597
BraTS20_Training_090;Axial;True;0,07893715623281955;9830.0;8551.0;1835;18,27507220396375
BraTS20_Training_090;Sagittal;True;0,10332431176995016;13008.5;9859.5;3270;24,61607949412827
BraTS20_Training_091;Coronal;True;0,18235432717706335;18519.0;11295.5;7346;38,99357715377674
BraTS20_Training_091;Axial;True;0,004493131584585697;14216.0;8347.0;5969;41,19108412117866
BraTS20_Training_091;Sagittal;True;0,0015875820937676366;17173.0;10831.0;6421;36,74391988555079
BraTS20_Training_092;Coronal;True;0,48215412204790487;30919.0;15812.0;16106;51,18540647047607
BraTS20_Training_092;Axial;False;0;0.0;0.0;0;0
BraTS20_Training_092;Sagittal;False;0;0.0;0.0;0;0
BraTS20_Training_093;Coronal;True;0,023311076805603625;17342.5;12586.0;5101;28,86977191691663
BraTS20_Training_093;Axial;True;0,07299514745179747;13051.0;8975.0;4079;30,780259583459102
BraTS20_Training_093;Sagittal;True;0,06564580979505957;21517.0;17672.5;4266;19,5446007238741
BraTS20_Training_094;Coronal;True;0,07391067290117714;2255.5;1573.5;705;30,03834682573498
BraTS20_Training_094;Axial;True;0,025791889693024622;1574.0;1092.5;495;30,127814972611077
BraTS20_Training_094;Sagittal;True;0,07798280933770677;1974.0;1602.0;406;19,804878048780488
BraTS20_Training_095;Coronal;False;0;0.0;0.0;0;0
BraTS20_Training_095;Axial;True;0,5030805149080038;19536.0;2934.5;16908;84,7603769801484
BraTS20_Training_095;Sagittal;False;0;0.0;0.0;0;0
BraTS20_Training_096;Coronal;False;0;0.0;0.0;0;0
BraTS20_Training_096;Axial;False;0;0.0;0.0;0;0
BraTS20_Training_096;Sagittal;True;0,1345815230323194;22749.0;14149.0;8688;37,64950598023921
BraTS20_Training_097;Coronal;True;0,22173942202362465;21471.5;15600.5;6797;31,239084474675984
BraTS20_Training_097;Axial;False;0;0.0;0.0;0;0
BraTS20_Training_097;Sagittal;True;0,01997455918344268;42208.5;34095.5;8127;19,072092368346944
BraTS20_Training_098;Coronal;True;0,11254292737436813;18773.0;15703.0;3821;20,065115790579217
BraTS20_Training_098;Axial;True;0,22932351936977724;14788.0;5639.0;9213;61,407718456308736
BraTS20_Training_098;Sagittal;True;0,018396208480239207;20813.0;14022.5;6812;32,318056741626336
BraTS20_Training_099;Coronal;True;0,9716525525933305;1372.0;1960.0;64;4,450625869262865
BraTS20_Training_099;Axial;True;0,3980573476428212;2182.5;1225.0;1000;43,802014892685065
BraTS20_Training_099;Sagittal;True;0,487181994089093;3601.0;2938.5;1019;27,43672590199246
BraTS20_Training_100;Coronal;False;0;0.0;0.0;0;0
BraTS20_Training_100;Axial;False;0;0.0;0.0;0;0
BraTS20_Training_100;Sagittal;False;0;0.0;0.0;0;0
BraTS20_Training_101;Coronal;True;0,21729406561092005;14645.5;6366.0;8516;56,675096499401036
BraTS20_Training_101;Axial;True;0,08102305323513687;12134.0;8355.5;4105;33,06217783505155
BraTS20_Training_101;Sagittal;True;0,1635310408892837;19918.0;12463.0;8403;41,20531554945324
BraTS20_Training_102;Coronal;True;52,78866955051699;8353.5;5263.5;5524;64,82046467965267
BraTS20_Training_102;Axial;True;0,1369477079037073;8846.0;4421.0;4698;52,03234023701406
BraTS20_Training_102;Sagittal;True;0,19006003523334852;14136.0;4122.5;9997;69,63638896628588
BraTS20_Training_103;Coronal;True;0,05439217651330813;23188.0;15733.0;7472;31,84859980392993
BraTS20_Training_103;Axial;True;0,13505312718097384;16565.0;10519.5;6092;36,255430577873
BraTS20_Training_103;Sagittal;True;0,0693834098738505;29649.5;18555.0;11124;37,055296469020654
BraTS20_Training_104;Coronal;True;0,2471079729496848;26027.5;20384.0;6452;24,427365312535493
BraTS20_Training_104;Axial;True;0,11460479267811069;20454.5;16513.0;4253;20,541924265842347
BraTS20_Training_104;Sagittal;True;0,2256562086092911;32948.5;20902.5;12229;36,577632877695684
BraTS20_Training_105;Coronal;True;0,2679237061367862;7142.5;5415.0;1810;24,66276059408639
BraTS20_Training_105;Axial;True;0,07551079918818465;4912.0;4374.5;565;11,228139904610494
BraTS20_Training_105;Sagittal;True;0,16771643777282266;8184.5;5696.0;2657;31,646021915197714
BraTS20_Training_106;Coronal;False;0;0.0;0.0;0;0
BraTS20_Training_106;Axial;True;0,271788085669994;21281.5;7290.0;14144;65,32723661724631
BraTS20_Training_106;Sagittal;True;0,17640542456771952;41849.0;15020.0;27067;63,76808179804928
BraTS20_Training_107;Coronal;True;0,1048087267731192;8844.5;8419.5;1036;11,49195784803106
BraTS20_Training_107;Axial;True;0,2731690901081699;9335.5;4626.5;4968;51,68001664412775
BraTS20_Training_107;Sagittal;True;0,12756443472275347;10327.5;6135.0;4272;40,439227565316166
BraTS20_Training_108;Coronal;True;0,35685121890883426;9320.5;9126.5;3468;36,39416517997691
BraTS20_Training_108;Axial;True;0,04027632889148813;9944.0;5633.5;4348;42,96018180021737
BraTS20_Training_108;Sagittal;True;0,18671813432264686;14327.5;5911.5;8867;60,749520416552485
BraTS20_Training_109;Coronal;True;0,47142389309960975;21079.0;16298.5;6226;28,95409942798679
BraTS20_Training_109;Axial;True;0,04915295133710201;11676.0;10759.0;1249;10,523211728031006
BraTS20_Training_109;Sagittal;True;0,08588224308296061;25285.5;15975.5;9965;38,30629660951795
BraTS20_Training_110;Coronal;True;0,23246567198504633;4153.0;2192.5;2130;49,56946707004887
BraTS20_Training_110;Axial;True;0,16653436920611112;4758.0;3501.0;2156;43,96411092985318
BraTS20_Training_110;Sagittal;True;0,5570757615651389;7313.5;1993.5;5530;72,62936695560809
BraTS20_Training_111;Coronal;False;0;0.0;0.0;0;0
BraTS20_Training_111;Axial;True;0,5694503240329207;15775.0;5885.0;10717;66,5693521336729
BraTS20_Training_111;Sagittal;True;0,14027617823542943;19524.0;10809.0;8815;44,417010984581275
BraTS20_Training_112;Coronal;True;0,4248462847389021;23795.0;27542.0;3349;13,83655594116675
BraTS20_Training_112;Axial;True;0,0920057312698997;24785.0;18576.0;6216;24,796553374820487
BraTS20_Training_112;Sagittal;True;0,048507405587970065;32646.5;21169.5;11581;35,01647869863635
BraTS20_Training_113;Coronal;True;0,22189822791875938;9025.5;5255.5;4485;48,31412258968006
BraTS20_Training_113;Axial;True;0,3909119097289186;5235.5;2904.5;2481;46,06386929075381
BraTS20_Training_113;Sagittal;True;0,11248854189301394;7229.0;3674.0;3660;49,05508644953759
BraTS20_Training_114;Coronal;True;0,6485039712707461;25224.5;26759.0;2673;10,452839042702957
BraTS20_Training_114;Axial;True;0,02660976497087411;16393.5;14401.5;2426;14,582832411637414
BraTS20_Training_114;Sagittal;True;0,15051677745286415;29561.0;13970.0;15614;52,15967930516118
BraTS20_Training_115;Coronal;True;0,03967940711387305;12582.5;10424.0;2469;19,313204005006256
BraTS20_Training_115;Axial;True;0,006710305171901909;8779.0;7278.5;1516;16,95370163274435
BraTS20_Training_115;Sagittal;True;0,0803014106170993;13759.0;10290.0;3520;25,18062808498462
BraTS20_Training_116;Coronal;True;0,2629882615273374;18077.5;16656.5;3256;17,754512241670756
BraTS20_Training_116;Axial;True;0,15891651120127803;15827.5;16021.0;1832;11,400833903789906
BraTS20_Training_116;Sagittal;False;0;0.0;0.0;0;0
BraTS20_Training_117;Coronal;True;0,044745538387062134;10779.0;9006.0;1952;17,743841468957367
BraTS20_Training_117;Axial;True;0,17917681258232493;7083.5;6465.5;1147;15,855681504008848
BraTS20_Training_117;Sagittal;True;0,06351842910819244;10666.5;7824.5;3023;27,825846833578794
BraTS20_Training_118;Coronal;True;0,04533654651693092;8242.0;7981.0;766;9,113622843545508
BraTS20_Training_118;Axial;True;0,010613079924200408;6292.0;4301.5;2023;31,417922037583473
BraTS20_Training_118;Sagittal;True;0,09473929690711391;10187.0;6281.5;3962;38,19163292847503
BraTS20_Training_119;Coronal;True;0,0956300196303887;7200.0;7026.5;675;9,187423438138016
BraTS20_Training_119;Axial;True;0,10009525904180111;4712.0;3460.0;1294;26,75765095119934
BraTS20_Training_119;Sagittal;True;0,3044555437361898;8621.0;5504.5;3317;37,49717386389329
BraTS20_Training_120;Coronal;True;0,5556869282188039;23972.0;25620.0;2261;9,298021959945716
BraTS20_Training_120;Axial;True;0,07500306604114226;16512.0;15938.0;2094;12,5112027245026
BraTS20_Training_120;Sagittal;True;0,6597520725559892;29020.5;16652.0;12476;42,459925807439674
BraTS20_Training_121;Coronal;True;0,0833393275882337;18768.0;14641.0;4320;22,664078484864383
BraTS20_Training_121;Axial;True;0,022534529790742025;12782.0;10970.5;1831;14,108491292957313
BraTS20_Training_121;Sagittal;True;0,011790859163544276;18821.5;16977.5;1895;9,926143208841863
BraTS20_Training_122;Coronal;True;0,055795994830496354;6826.0;4966.0;2260;32,01133144475921
BraTS20_Training_122;Axial;True;0,13743790313089443;4552.0;4059.5;897;18,98814563928874
BraTS20_Training_122;Sagittal;True;0,028585555275319946;6306.5;5420.0;911;14,134988363072148
BraTS20_Training_123;Coronal;True;0,13886846679972467;18987.5;12109.5;7067;36,51630238205963
BraTS20_Training_123;Axial;True;0,053681220261405316;14898.5;11011.5;4105;27,08498284507786
BraTS20_Training_123;Sagittal;True;0,033463122843471194;25712.5;20759.5;4999;19,20697736965459
BraTS20_Training_124;Coronal;True;0,07421954149709936;31194.5;19499.5;11743;37,24035137792154
BraTS20_Training_124;Axial;True;0,12746810405284453;26086.0;19561.0;6578;24,942175710006445
BraTS20_Training_124;Sagittal;True;0,14127233052653249;36300.0;28629.5;7727;21,069997000518093
BraTS20_Training_125;Coronal;True;0,2941534335990415;18745.5;11673.5;7312;38,44576476155424
BraTS20_Training_125;Axial;True;0,08281998951643813;13446.5;9655.0;4354;31,84610883557636
BraTS20_Training_125;Sagittal;True;0,03793694507736545;29903.0;7618.5;22464;74,2390693677914
BraTS20_Training_126;Coronal;True;0,26553650394740475;16217.5;11972.0;5027;30,42978208232445
BraTS20_Training_126;Axial;True;0,261845348882211;10390.0;4409.5;6054;57,150948739733785
BraTS20_Training_126;Sagittal;True;0,28554962494171376;17497.5;8822.5;8795;49,404561285248846
BraTS20_Training_127;Coronal;True;0,04150406884807528;7992.5;4456.5;3565;43,68337213576767
BraTS20_Training_127;Axial;True;0,1201707992965868;5381.5;3541.0;1924;34,691669671835555
BraTS20_Training_127;Sagittal;True;0,07616917087918551;5782.5;3643.5;2213;37,174533848479754
BraTS20_Training_128;Coronal;False;0;0.0;0.0;0;0
BraTS20_Training_128;Axial;False;0;0.0;0.0;0;0
BraTS20_Training_128;Sagittal;False;0;0.0;0.0;0;0
BraTS20_Training_129;Coronal;False;0;0.0;0.0;0;0
BraTS20_Training_129;Axial;True;0,0697239293520322;7526.0;2524.0;5180;67,28146512534096
BraTS20_Training_129;Sagittal;True;0,7761197121706974;12608.0;3662.5;9212;70,91608929946112
BraTS20_Training_130;Coronal;True;0,25117584981960145;32384.0;25426.0;8713;26,53247662839916
BraTS20_Training_130;Axial;True;0,9013677432756353;17489.0;7560.0;9828;55,45649475228529
BraTS20_Training_130;Sagittal;True;0,9154029373984679;32589.0;15231.0;17578;53,30220146764509
BraTS20_Training_131;Coronal;True;1,5658321225271157;11093.0;4175.5;7112;62,66079295154186
BraTS20_Training_131;Axial;True;0,11228545911137564;6008.0;4799.0;1632;26,515028432168968
BraTS20_Training_131;Sagittal;True;0,9715563934153133;12566.5;3520.5;9277;71,84789343246592
BraTS20_Training_132;Coronal;True;0,07446956750325073;16911.0;10386.0;6693;38,770781440074146
BraTS20_Training_132;Axial;True;0,13226986772556548;12237.5;9210.5;3105;24,921743318083315
BraTS20_Training_132;Sagittal;True;0,13806250118534802;16571.5;10533.5;6265;36,935502888810284
BraTS20_Training_133;Coronal;False;0;0.0;0.0;0;0
BraTS20_Training_133;Axial;False;0;0.0;0.0;0;0
BraTS20_Training_133;Sagittal;False;0;0.0;0.0;0;0
BraTS20_Training_134;Coronal;False;0;0.0;0.0;0;0
BraTS20_Training_134;Axial;True;0,22786499414882494;17291.5;10698.0;7364;41,71765239066394
BraTS20_Training_134;Sagittal;False;0;0.0;0.0;0;0
BraTS20_Training_135;Coronal;False;0;0.0;0.0;0;0
BraTS20_Training_135;Axial;False;0;0.0;0.0;0;0
BraTS20_Training_135;Sagittal;False;0;0.0;0.0;0;0
BraTS20_Training_136;Coronal;True;0,6649119071824809;14504.5;5555.0;9184;62,075025346400814
BraTS20_Training_136;Axial;True;0,8338302008394851;17425.0;2915.0;15011;84,61191590102024
BraTS20_Training_136;Sagittal;False;0;0.0;0.0;0;0
BraTS20_Training_137;Coronal;True;0,0948556219412387;23608.0;17868.5;6263;26,155773647943203
BraTS20_Training_137;Axial;True;0,08503225623522068;20996.5;18783.5;2905;13,668015432389197
BraTS20_Training_137;Sagittal;True;0,05565747245555322;27826.5;20985.0;7218;25,6057327326262
BraTS20_Training_138;Coronal;True;0,17763862042008643;29614.0;11538.5;18168;60,59029514757379
BraTS20_Training_138;Axial;True;0,01851063852424359;29190.5;11638.5;17874;60,30160925744745
BraTS20_Training_138;Sagittal;True;0,2084852395737819;38273.0;17438.0;21039;54,23960401144654
BraTS20_Training_139;Coronal;True;0,14000889886897366;6205.0;7426.0;1554;24,44933920704846
BraTS20_Training_139;Axial;True;0,3446750301995841;4714.0;2482.5;2357;48,03342164255145
BraTS20_Training_139;Sagittal;True;0,09081547045887439;6357.0;5345.0;1723;26,466973886328727
BraTS20_Training_140;Coronal;True;0,2574860701861313;21749.0;17818.5;5734;25,995103817209177
BraTS20_Training_140;Axial;True;0,09114738321370564;13489.5;11875.5;2195;16,027747353048557
BraTS20_Training_140;Sagittal;True;0,09081958229285125;27796.0;19878.0;8018;28,488186178717356
BraTS20_Training_141;Coronal;False;0;0.0;0.0;0;0
BraTS20_Training_141;Axial;False;0;0.0;0.0;0;0
BraTS20_Training_141;Sagittal;False;0;0.0;0.0;0;0
BraTS20_Training_142;Coronal;True;0,027589557040603174;9000.5;4410.0;4758;51,83571195119294
BraTS20_Training_142;Axial;True;0,08827128290228209;5683.5;3313.0;2470;42,49096851883709
BraTS20_Training_142;Sagittal;True;0,055700876657359344;9635.5;3884.0;5842;59,38198820898557
BraTS20_Training_143;Coronal;True;0,09330181651753211;43318.5;40041.5;6963;15,934367705615818
BraTS20_Training_143;Axial;True;0,0645598975511738;32097.0;26411.0;6227;19,197804908126773
BraTS20_Training_143;Sagittal;False;0;0.0;0.0;0;0
BraTS20_Training_144;Coronal;True;0,10654676089064902;32293.0;26555.5;7045;21,489796540890097
BraTS20_Training_144;Axial;True;0,2976188731505878;25746.5;8299.0;17539;67,29979663098116
BraTS20_Training_144;Sagittal;True;0,05111956818720609;33228.5;17687.5;15730;46,62674887360683
BraTS20_Training_145;Coronal;True;0,013850161767835878;18021.5;13067.0;5011;27,419972640218877
BraTS20_Training_145;Axial;True;0,06327876474415858;15075.5;13493.5;2114;13,82331785784346
BraTS20_Training_145;Sagittal;True;0,12697425106754792;19737.5;16592.5;4173;20,836870225195987
BraTS20_Training_146;Coronal;True;0,05374072821505174;18092.5;13186.5;5090;27,682601838255287
BraTS20_Training_146;Axial;True;0,03572852455196329;14368.5;10682.5;3783;25,94650205761317
BraTS20_Training_146;Sagittal;True;0,037952589163752326;21521.0;16463.0;5544;25,35327205377967
BraTS20_Training_147;Coronal;False;0;0.0;0.0;0;0
BraTS20_Training_147;Axial;False;0;0.0;0.0;0;0
BraTS20_Training_147;Sagittal;False;0;0.0;0.0;0;0
BraTS20_Training_148;Coronal;False;0;0.0;0.0;0;0
BraTS20_Training_148;Axial;False;0;0.0;0.0;0;0
BraTS20_Training_148;Sagittal;False;0;0.0;0.0;0;0
BraTS20_Training_149;Coronal;False;0;0.0;0.0;0;0
BraTS20_Training_149;Axial;False;0;0.0;0.0;0;0
BraTS20_Training_149;Sagittal;False;0;0.0;0.0;0;0
BraTS20_Training_150;Coronal;True;0,24570340407438138;23420.0;12285.0;11211;47,2659049706986
BraTS20_Training_150;Axial;True;0,20431522413832953;32299.5;12899.0;19645;59,99755672968268
BraTS20_Training_150;Sagittal;True;0,2417240308514818;29646.0;13426.5;16253;54,187504167500165
BraTS20_Training_151;Coronal;False;0;0.0;0.0;0;0
BraTS20_Training_151;Axial;True;0,09970345846368386;18598.5;13680.5;5036;26,731779818461703
BraTS20_Training_151;Sagittal;False;0;0.0;0.0;0;0
BraTS20_Training_152;Coronal;True;0,4550431165926814;22285.0;7812.0;14505;64,25249169435216
BraTS20_Training_152;Axial;True;0,12479795514134098;14752.0;14400.5;1353;9,04109589041096
BraTS20_Training_152;Sagittal;True;0,27870303268649216;31102.0;11738.0;19486;61,68017219549253
BraTS20_Training_153;Coronal;True;0,1892874953204451;10492.5;7739.0;2977;27,877142054499487
BraTS20_Training_153;Axial;True;0,029274984717396757;5623.0;4838.0;921;16,003475238922675
BraTS20_Training_153;Sagittal;True;0,1770588433336386;10894.5;7713.0;3242;29,183544873525967
BraTS20_Training_154;Coronal;True;0,678605607322667;22971.5;49845.5;6049;26,00937352195038
BraTS20_Training_154;Axial;True;1,892804165611387;18668.0;14371.0;7983;42,113315045368225
BraTS20_Training_154;Sagittal;True;0,02922766686886044;35213.0;33250.5;2330;6,551569002361939
BraTS20_Training_155;Coronal;True;0,18383536414215085;24500.5;7040.0;17606;70,86620511994848
BraTS20_Training_155;Axial;True;0,483306641683145;13297.5;4441.0;8916;65,88826485368017
BraTS20_Training_155;Sagittal;True;0,20116272163669865;28920.0;16754.0;12289;41,80500748401143
BraTS20_Training_156;Coronal;True;0,334707004989451;23235.0;13200.5;10210;43,317776834959695
BraTS20_Training_156;Axial;True;0,0808228199944877;14878.0;13204.0;2132;14,122946475887652
BraTS20_Training_156;Sagittal;True;0,0744136260430805;28787.5;22423.0;7322;25,064183753808233
BraTS20_Training_157;Coronal;False;0;0.0;0.0;0;0
BraTS20_Training_157;Axial;True;0,7285896516581178;26148.0;4200.5;22193;83,50453399556007
BraTS20_Training_157;Sagittal;False;0;0.0;0.0;0;0
BraTS20_Training_158;Coronal;False;0;0.0;0.0;0;0
BraTS20_Training_158;Axial;False;0;0.0;0.0;0;0
BraTS20_Training_158;Sagittal;False;0;0.0;0.0;0;0
BraTS20_Training_159;Coronal;False;0;0.0;0.0;0;0
BraTS20_Training_159;Axial;False;0;0.0;0.0;0;0
BraTS20_Training_159;Sagittal;False;0;0.0;0.0;0;0
BraTS20_Training_160;Coronal;False;0;0.0;0.0;0;0
BraTS20_Training_160;Axial;False;0;0.0;0.0;0;0
BraTS20_Training_160;Sagittal;False;0;0.0;0.0;0;0
BraTS20_Training_161;Coronal;True;0,08756718469687219;11953.5;8714.0;3605;29,62202136400986
BraTS20_Training_161;Axial;True;0,038006392465172734;10081.5;10220.5;659;6,416747809152873
BraTS20_Training_161;Sagittal;True;0,08601291626616284;15770.0;12212.5;3615;22,559910134797803
BraTS20_Training_162;Coronal;True;0,24978779970270965;27834.0;15660.0;12511;44,37154206270393
BraTS20_Training_162;Axial;True;0,07284261390140051;14056.5;12384.5;3387;23,6836584854206
BraTS20_Training_162;Sagittal;True;0,2164463683547369;27360.0;12189.0;15356;55,334942884941086
BraTS20_Training_163;Coronal;False;0;0.0;0.0;0;0
BraTS20_Training_163;Axial;True;0,07354497966717322;23910.0;19698.0;4989;20,62507751457274
BraTS20_Training_163;Sagittal;True;0,7140143682689206;36695.5;11309.0;25526;68,6404216413897
BraTS20_Training_164;Coronal;False;0;0.0;0.0;0;0
BraTS20_Training_164;Axial;True;0,026806923357451384;21319.0;11824.5;9718;44,69895588979348
BraTS20_Training_164;Sagittal;False;0;0.0;0.0;0;0
BraTS20_Training_165;Coronal;True;0,3826121111207044;30808.0;12028.0;19582;62,560301587808695
BraTS20_Training_165;Axial;False;0;0.0;0.0;0;0
BraTS20_Training_165;Sagittal;True;0,06533475166915037;28380.0;13476.5;15137;52,54443210219384
BraTS20_Training_166;Coronal;True;0,08561974235451197;28916.5;13480.5;15592;53,175090375827025
BraTS20_Training_166;Axial;True;0,23164348343774366;19167.5;17005.0;3389;17,459172634073465
BraTS20_Training_166;Sagittal;True;0,1358330796703489;44944.5;16964.5;28433;62,26158933146473
BraTS20_Training_167;Coronal;False;0;0.0;0.0;0;0
BraTS20_Training_167;Axial;True;0,2761713789619714;12997.0;6171.0;6906;52,15224286361577
BraTS20_Training_167;Sagittal;False;0;0.0;0.0;0;0
BraTS20_Training_168;Coronal;True;0,6882494513458277;40025.0;4265.0;36090;89,15734084340028
BraTS20_Training_168;Axial;True;0,007824033482063286;28167.0;19397.5;9111;31,944882717997263
BraTS20_Training_168;Sagittal;False;0;0.0;0.0;0;0
BraTS20_Training_169;Coronal;True;0,2895629994344331;15641.0;10818.0;5473;34,49514685490987
BraTS20_Training_169;Axial;True;0,0526389823857043;14859.5;11920.5;3090;20,494793393911255
BraTS20_Training_169;Sagittal;True;0,06845795953774458;24367.5;18218.0;6510;26,387256292813426
BraTS20_Training_170;Coronal;True;0,11581312843790925;15291.0;10816.0;4541;29,215724120182717
BraTS20_Training_170;Axial;True;0,1439847209192614;10060.0;9128.0;1710;16,697588126159555
BraTS20_Training_170;Sagittal;True;0,035427902696988034;16025.0;10168.5;5953;36,46554364471669
BraTS20_Training_171;Coronal;True;1,222904255924668;30506.0;12897.5;19080;61,6219358589284
BraTS20_Training_171;Axial;True;0,6797193107118187;21324.0;9156.5;12967;60,0936138659746
BraTS20_Training_171;Sagittal;True;0,18004469899640124;34405.0;10054.5;24825;71,08699387205772
BraTS20_Training_172;Coronal;True;0,09699621375618481;8886.0;8814.5;1414;15,601897826326825
BraTS20_Training_172;Axial;True;0,02209145740532442;6540.5;5426.5;1356;20,14858841010401
BraTS20_Training_172;Sagittal;True;0,2247204300793576;15654.0;10639.5;5713;35,555140652228026
BraTS20_Training_173;Coronal;True;4,651821145241326;18272.5;12577.0;7611;40,91275600709563
BraTS20_Training_173;Axial;True;0,4795485137424294;13712.0;6395.5;7231;51,965504850880336
BraTS20_Training_173;Sagittal;True;0,46638936818919835;23159.5;7787.5;15439;65,65038057575372
BraTS20_Training_174;Coronal;True;0,3819186007024932;25374.5;13081.5;12675;49,238598399502756
BraTS20_Training_174;Axial;True;0,1255239494641583;9901.0;6787.5;3157;31,31323150168617
BraTS20_Training_174;Sagittal;True;0,4101176443473574;17536.0;8216.0;9463;52,98432250839865
BraTS20_Training_175;Coronal;False;0;0.0;0.0;0;0
BraTS20_Training_175;Axial;False;0;0.0;0.0;0;0
BraTS20_Training_175;Sagittal;False;0;0.0;0.0;0;0
BraTS20_Training_176;Coronal;False;0;0.0;0.0;0;0
BraTS20_Training_176;Axial;False;0;0.0;0.0;0;0
BraTS20_Training_176;Sagittal;False;0;0.0;0.0;0;0
BraTS20_Training_177;Coronal;True;0,07729126715274734;1992.5;2016.5;2080;100,0
BraTS20_Training_177;Axial;False;0;0.0;0.0;0;0
BraTS20_Training_177;Sagittal;True;0,13892337862826584;2496.5;1936.0;2610;100,0
BraTS20_Training_178;Coronal;True;0,12421959490042178;27126.0;20360.5;6809;24,81052324734004
BraTS20_Training_178;Axial;True;0,07498504108042392;19699.5;13727.5;6214;31,10577163738299
BraTS20_Training_178;Sagittal;True;0,34319827389242363;38760.0;20882.5;18022;46,02967844098792
BraTS20_Training_179;Coronal;True;0,7332445017135638;21903.5;9447.5;13788;62,08014407924358
BraTS20_Training_179;Axial;True;0,31421153783550626;16577.5;7972.5;9123;54,20677361853833
BraTS20_Training_179;Sagittal;False;0;0.0;0.0;0;0
BraTS20_Training_180;Coronal;True;0,33540232587606056;33447.5;18398.0;15253;44,959617992100455
BraTS20_Training_180;Axial;True;0,3389724637491517;34796.5;17331.0;17753;50,25192481884058
BraTS20_Training_180;Sagittal;True;0,08971454056283976;47677.0;28002.0;19851;41,210296865268845
BraTS20_Training_181;Coronal;False;0;0.0;0.0;0;0
BraTS20_Training_181;Axial;True;0,5759079040182602;13378.5;7617.5;7040;51,3493800145879
BraTS20_Training_181;Sagittal;False;0;0.0;0.0;0;0
BraTS20_Training_182;Coronal;True;1,8153237719599957;11543.5;2411.0;11752;100,0
BraTS20_Training_182;Axial;True;0,052799131736388505;6910.0;4332.0;2728;38,623814243239416
BraTS20_Training_182;Sagittal;True;0,39679062890412586;10601.5;5394.5;5296;48,928307464892825
BraTS20_Training_183;Coronal;True;0,02286880520379589;42292.0;17595.0;24845;58,171388433622106
BraTS20_Training_183;Axial;True;0,020635505914697094;15987.5;11836.0;4218;25,945746447684076
BraTS20_Training_183;Sagittal;True;0,593832964767263;31120.0;10206.0;20924;66,50562583433984
BraTS20_Training_184;Coronal;True;0,18179193400649404;22331.0;20407.0;4267;18,7874251497006
BraTS20_Training_184;Axial;True;0,025357695662906715;11745.5;9501.5;2540;21,235682635231168
BraTS20_Training_184;Sagittal;True;0,18378059149134535;28554.0;15299.5;13469;46,40802122454605
BraTS20_Training_185;Coronal;True;0,8193777158309417;28179.5;8249.5;20159;70,50573587017348
BraTS20_Training_185;Axial;False;0;0.0;0.0;0;0
BraTS20_Training_185;Sagittal;True;0,5131502544596412;36166.5;10804.0;27621;75,21239516392549
BraTS20_Training_186;Coronal;True;0,2411623456924988;32061.5;23643.5;8756;26,987209123131457
BraTS20_Training_186;Axial;True;0,08630431282856182;20628.5;14377.5;6770;32,25191748844743
BraTS20_Training_186;Sagittal;True;0,3241055601796411;36349.0;16733.0;20010;54,10008922053694
BraTS20_Training_187;Coronal;True;5,076529936754066;24168.0;29754.5;5742;23,450134770889488
BraTS20_Training_187;Axial;True;0,18566124461562572;19380.0;17734.5;3449;17,55126965548827
BraTS20_Training_187;Sagittal;True;0,10925309396563518;30503.0;18571.0;11971;38,81898955833712
BraTS20_Training_188;Coronal;False;0;0.0;0.0;0;0
BraTS20_Training_188;Axial;False;0;0.0;0.0;0;0
BraTS20_Training_188;Sagittal;True;0,13675131600010054;8978.5;4522.5;4568;49,54984271612973
BraTS20_Training_189;Coronal;True;0,06669589801137765;16182.0;13295.5;3869;23,52261673151751
BraTS20_Training_189;Axial;True;0,16538130987479754;13264.5;8384.0;4935;36,61250834631649
BraTS20_Training_189;Sagittal;True;0,10314455192455713;18543.5;17071.0;2397;12,695302155606164
BraTS20_Training_190;Coronal;True;0,06371240389970625;9482.0;4929.0;4677;48,25629385059843
BraTS20_Training_190;Axial;True;0,8213682264900701;5736.5;5861.0;1756;29,853791227473646
BraTS20_Training_190;Sagittal;False;0;0.0;0.0;0;0
BraTS20_Training_191;Coronal;True;0,2958841542370545;38214.5;20423.5;17850;46,13476002171048
BraTS20_Training_191;Axial;False;0;0.0;0.0;0;0
BraTS20_Training_191;Sagittal;True;0,4533092215102368;58228.0;11534.0;46923;79,85398478582734
BraTS20_Training_192;Coronal;True;0,18169390544385422;19938.5;17778.0;3625;17,88533649102033
BraTS20_Training_192;Axial;True;0,08651961038417669;11380.5;11004.5;1120;9,684392563769997
BraTS20_Training_192;Sagittal;True;0,07886194853319659;23444.0;19478.5;4282;18,009000294402153
BraTS20_Training_193;Coronal;False;0;0.0;0.0;0;0
BraTS20_Training_193;Axial;True;0,04174362390831071;18167.0;14415.0;3781;20,545563223387493
BraTS20_Training_193;Sagittal;True;0,12634505914947064;26969.5;11981.0;15102;55,22966647162083
BraTS20_Training_194;Coronal;True;0,05326012766926133;26620.5;21879.0;5063;18,782460305683337
BraTS20_Training_194;Axial;True;0,029929621470930368;24186.0;20867.5;3468;14,181149049274177
BraTS20_Training_194;Sagittal;False;0;0.0;0.0;0;0
BraTS20_Training_195;Coronal;True;0,07386264529875095;15947.5;12866.5;3310;20,428315743998024
BraTS20_Training_195;Axial;True;0,03719527517928606;14401.5;11317.5;3320;22,70861833105335
BraTS20_Training_195;Sagittal;True;0,20337652384654564;21323.5;5052.0;16400;75,8311370046701
BraTS20_Training_196;Coronal;True;0,09021461148989027;21818.0;15768.0;6405;28,90995260663507
BraTS20_Training_196;Axial;True;0,08539022731869533;18227.0;14570.5;4700;25,408152232673803
BraTS20_Training_196;Sagittal;True;0,5932271971225336;25271.0;5951.5;19520;76,09839772328564
BraTS20_Training_197;Coronal;True;0,4692120367201383;28689.0;15241.5;13856;47,693790444719816
BraTS20_Training_197;Axial;True;0,09133113716267066;22311.0;12438.5;9953;44,057367978398474
BraTS20_Training_197;Sagittal;True;0,30865221838636614;38610.5;14241.0;24283;62,23856879229034
BraTS20_Training_198;Coronal;False;0;0.0;0.0;0;0
BraTS20_Training_198;Axial;True;0,14299560602168204;18223.5;15446.5;3484;18,830396713868772
BraTS20_Training_198;Sagittal;False;0;0.0;0.0;0;0
BraTS20_Training_199;Coronal;True;0,0589181149506911;21197.5;10935.0;11511;53,3732090694116
BraTS20_Training_199;Axial;True;0,13964880537567576;12859.0;9982.0;3191;24,40908743211199
BraTS20_Training_199;Sagittal;True;0,19785372570888782;35353.0;15456.5;19948;55,839211734408245
BraTS20_Training_200;Coronal;True;0,29976897231662414;6026.5;4263.0;2281;36,80219425621168
BraTS20_Training_200;Axial;True;0,045038593179248854;3813.0;2577.0;1290;32,65822784810127
BraTS20_Training_200;Sagittal;True;0,32437340277981497;6699.0;5325.0;1888;27,44186046511628
BraTS20_Training_201;Coronal;True;0,039452150482528175;19799.5;13258.5;6733;33,33663415358717
BraTS20_Training_201;Axial;True;0,02764936436609791;14487.5;11233.0;3280;22,297756628144118
BraTS20_Training_201;Sagittal;True;2,122275967352534;26418.0;29049.0;3690;13,749673957595856
BraTS20_Training_202;Coronal;True;0,1704601760192639;22791.0;17836.5;5466;23,658240997229917
BraTS20_Training_202;Axial;True;0,05015649386975185;14498.0;12353.5;2339;15,883471411109602
BraTS20_Training_202;Sagittal;True;0,06345734003735104;28450.5;19131.0;9456;32,79575486421808
BraTS20_Training_203;Coronal;True;0,4140893174710855;10550.0;8040.0;2986;27,676337009917507
BraTS20_Training_203;Axial;True;0,14696358532416362;7677.5;6387.5;1419;18,09487375669472
BraTS20_Training_203;Sagittal;True;0,4413686029633687;13391.0;8984.5;4567;33,323604523896385
BraTS20_Training_204;Coronal;True;1,9731231491821557;11440.0;9089.0;5529;47,41039272851998
BraTS20_Training_204;Axial;True;0,02998506506958859;9988.0;6641.5;3854;37,89204601317471
BraTS20_Training_204;Sagittal;True;0,17647532416061895;13255.0;4997.5;8351;61,799748390438836
BraTS20_Training_205;Coronal;True;0,056970296003136855;5844.0;4800.5;1187;19,849498327759196
BraTS20_Training_205;Axial;True;0,10428703178606483;3317.5;3942.5;162;4,736842105263158
BraTS20_Training_205;Sagittal;True;0,05190618649082529;5027.5;4136.0;912;17,70186335403727
BraTS20_Training_206;Coronal;True;0,11625813827229636;10686.0;11849.0;1280;11,683096020445419
BraTS20_Training_206;Axial;True;0,2961908324763456;4769.5;3400.5;1499;30,554423155320016
BraTS20_Training_206;Sagittal;True;0,10377136681346996;5163.5;3833.0;1526;28,8087596752879
BraTS20_Training_207;Coronal;False;0;0.0;0.0;0;0
BraTS20_Training_207;Axial;True;0,23301432525807755;18698.5;3851.0;15118;79,18085162101293
BraTS20_Training_207;Sagittal;True;0,42788016149008534;29326.0;8682.5;20807;69,86903962390866
BraTS20_Training_208;Coronal;False;0;0.0;0.0;0;0
BraTS20_Training_208;Axial;True;0,1841275057756351;22485.5;8843.0;13755;60,36866359447005
BraTS20_Training_208;Sagittal;True;0,15721815963964547;38823.5;13368.0;25595;65,24011011419249
BraTS20_Training_209;Coronal;True;0,12864359768855088;18936.5;17206.5;2481;12,925240948163585
BraTS20_Training_209;Axial;True;0,09485467753712662;18223.0;17179.5;1921;10,38939967550027
BraTS20_Training_209;Sagittal;True;0,04164718096338893;25835.5;23029.0;2924;11,18036171758498
BraTS20_Training_210;Coronal;True;0,154995612588674;25402.5;18553.0;6994;27,13482056256062
BraTS20_Training_210;Axial;True;0,06634860438618478;21740.0;17546.5;4363;19,808408244801598
BraTS20_Training_210;Sagittal;True;0,08892140416077365;33705.0;22501.5;11372;33,278707713917825
BraTS20_Training_211;Coronal;False;0;0.0;0.0;0;0
BraTS20_Training_211;Axial;True;0,033448599070799834;11280.0;11328.5;860;7,49912800837112
BraTS20_Training_211;Sagittal;True;0,07333396857716579;19068.0;13685.0;5521;28,378308918015932
BraTS20_Training_212;Coronal;False;0;0.0;0.0;0;0
BraTS20_Training_212;Axial;False;0;0.0;0.0;0;0
BraTS20_Training_212;Sagittal;True;1,7554542494371503;51215.5;8327.5;44696;86,27572095896228
BraTS20_Training_213;Coronal;True;0,15883879341686163;15496.0;15439.5;3782;23,86420999495204
BraTS20_Training_213;Axial;True;0,2615925528873314;11257.0;8234.0;3658;31,92807890372698
BraTS20_Training_213;Sagittal;True;0,3107574412762681;16925.0;9620.0;7414;43,09462915601023
BraTS20_Training_214;Coronal;True;0,03348312346785953;20825.5;12326.0;8619;40,70365997638724
BraTS20_Training_214;Axial;True;0,5608065820409713;18343.5;9194.0;9366;50,117722602739725
BraTS20_Training_214;Sagittal;True;0,10867673918096687;19874.5;11330.0;8661;42,857142857142854
BraTS20_Training_215;Coronal;True;0,8510948615915146;15969.0;27983.5;2307;14,1899372616558
BraTS20_Training_215;Axial;True;0,04643714533714738;15361.5;11677.0;3712;23,805553774129418
BraTS20_Training_215;Sagittal;False;0;0.0;0.0;0;0
BraTS20_Training_216;Coronal;True;0,27506785650548127;18668.0;11390.0;7321;38,60879654044932
BraTS20_Training_216;Axial;True;0,5009712177269533;17052.5;8863.5;8800;50,82885692831975
BraTS20_Training_216;Sagittal;True;0,29768542140327536;25818.5;18528.5;7421;28,35581368690535
BraTS20_Training_217;Coronal;True;0,07961261685475479;12339.0;10031.0;2587;20,598773787721953
BraTS20_Training_217;Axial;True;0,2535151468417067;7186.5;3586.5;3655;49,775296200463025
BraTS20_Training_217;Sagittal;True;0,032809102824346514;9773.0;5184.5;4675;46,75
BraTS20_Training_218;Coronal;True;0,19204134381898078;32501.5;9499.0;23109;70,37273890005481
BraTS20_Training_218;Axial;True;0,20494757246479756;27753.0;15786.0;12024;42,85256067571902
BraTS20_Training_218;Sagittal;True;0,17606540815195948;41477.5;10653.5;31036;74,07336690613141
BraTS20_Training_219;Coronal;True;0,1129914707295139;14360.0;10305.0;4174;28,472032742155523
BraTS20_Training_219;Axial;True;0,6085060792586432;9993.0;4390.0;5708;56,059713219406795
BraTS20_Training_219;Sagittal;True;0,11475958491073215;16449.5;10885.0;5650;33,791866028708135
BraTS20_Training_220;Coronal;True;2,495413047799462;14127.0;15122.0;4451;30,939802585847353
BraTS20_Training_220;Axial;True;0,24600637568567568;14222.0;5193.5;9173;63,29262402539156
BraTS20_Training_220;Sagittal;True;0,1488899091294837;24224.5;4918.5;19525;79,27968166314764
BraTS20_Training_221;Coronal;True;0,10492534811339133;36389.5;10659.0;25931;70,47041878414001
BraTS20_Training_221;Axial;True;0,07573296205374597;32799.0;11079.0;21921;66,01318999006234
BraTS20_Training_221;Sagittal;False;0;0.0;0.0;0;0
BraTS20_Training_222;Coronal;True;0,3194067098881458;9338.0;2119.5;7307;76,68170846888445
BraTS20_Training_222;Axial;True;0,09018677622366428;5670.0;3686.5;2073;35,618556701030926
BraTS20_Training_222;Sagittal;True;0,16144461518827455;14412.5;4857.5;9627;65,66400654798444
BraTS20_Training_223;Coronal;True;0,14756626637678522;20431.5;13941.5;7040;33,93752410335519
BraTS20_Training_223;Axial;True;0,05917820829440107;11732.0;7807.0;3962;33,22710499832271
BraTS20_Training_223;Sagittal;True;0,10299159080253373;31781.5;13987.5;18089;56,05342257754641
BraTS20_Training_224;Coronal;False;0;0.0;0.0;0;0
BraTS20_Training_224;Axial;False;0;0.0;0.0;0;0
BraTS20_Training_224;Sagittal;True;0,7427698854679282;46200.5;14756.5;31341;67,22074468085107
BraTS20_Training_225;Coronal;True;0,10846595942554266;42351.0;31537.0;12556;29,35771236175735
BraTS20_Training_225;Axial;True;0,11628662561441164;37892.0;21631.5;16410;42,82023849907367
BraTS20_Training_225;Sagittal;True;0,09123484806831181;74078.5;40362.5;34099;45,58872682059441
BraTS20_Training_226;Coronal;True;0,07253446638691108;22990.0;13731.5;9650;41,442989048743826
BraTS20_Training_226;Axial;True;0,24169480486567274;19084.0;19905.0;3532;18,24380165289256
BraTS20_Training_226;Sagittal;True;0,1689503744271795;29176.0;13644.5;15769;53,39631586076121
BraTS20_Training_227;Coronal;False;0;0.0;0.0;0;0
BraTS20_Training_227;Axial;True;0,16562112631088682;4223.0;516.0;3795;87,22132843024593
BraTS20_Training_227;Sagittal;True;0,2293269827110286;7540.0;2251.5;5372;69,6125437346119
BraTS20_Training_228;Coronal;True;0,19944904153314652;10634.0;7816.0;3148;28,97910337844058
BraTS20_Training_228;Axial;True;0,10263938530438774;7137.5;6632.0;1228;16,835755415409924
BraTS20_Training_228;Sagittal;True;0,0650821316895083;11277.5;7469.5;3880;33,744999130283524
BraTS20_Training_229;Coronal;True;2,3949904405375912;17278.5;26885.0;2652;15,13180417665183
BraTS20_Training_229;Axial;True;0,13551395105490138;14188.5;14611.0;1622;11,229576294655221
BraTS20_Training_229;Sagittal;False;0;0.0;0.0;0;0
BraTS20_Training_230;Coronal;True;0,08623527405360568;23558.5;10422.0;13359;55,77171961758444
BraTS20_Training_230;Axial;True;0,012962415643888059;7050.0;5405.5;1653;22,95514511873351
BraTS20_Training_230;Sagittal;True;0,11130668969357854;12718.5;8192.5;4588;35,50259227733498
BraTS20_Training_231;Coronal;True;0,20975449734035795;35823.0;13131.5;22797;63,00298474463851
BraTS20_Training_231;Axial;True;0,23718601083411323;16649.0;11993.0;4822;28,549437537004145
BraTS20_Training_231;Sagittal;True;0,07123758870587205;34254.0;14724.5;19733;56,81013387073557
BraTS20_Training_232;Coronal;False;0;0.0;0.0;0;0
BraTS20_Training_232;Axial;False;0;0.0;0.0;0;0
BraTS20_Training_232;Sagittal;False;0;0.0;0.0;0;0
BraTS20_Training_233;Coronal;True;0,632195545885032;8449.5;1124.0;8657;100,0
BraTS20_Training_233;Axial;True;0,5462321333604188;1884.0;1069.5;880;44,783715012722645
BraTS20_Training_233;Sagittal;False;0;0.0;0.0;0;0
BraTS20_Training_234;Coronal;False;0;0.0;0.0;0;0
BraTS20_Training_234;Axial;False;0;0.0;0.0;0;0
BraTS20_Training_234;Sagittal;False;0;0.0;0.0;0;0
BraTS20_Training_235;Coronal;True;0,15998691023364325;44428.0;10850.0;34351;76,46639805890078
BraTS20_Training_235;Axial;True;0,01934445006708957;31037.5;25447.5;6566;20,891533297273217
BraTS20_Training_235;Sagittal;False;0;0.0;0.0;0;0
BraTS20_Training_236;Coronal;False;0;0.0;0.0;0;0
BraTS20_Training_236;Axial;True;0,26824647427193016;18239.5;5115.0;13169;71,1376404494382
BraTS20_Training_236;Sagittal;False;0;0.0;0.0;0;0
BraTS20_Training_237;Coronal;False;0;0.0;0.0;0;0
BraTS20_Training_237;Axial;False;0;0.0;0.0;0;0
BraTS20_Training_237;Sagittal;True;0,3301249213125312;22335.5;3072.0;19508;85,9156170175284
BraTS20_Training_238;Coronal;False;0;0.0;0.0;0;0
BraTS20_Training_238;Axial;True;0,014801759044120844;28852.5;25580.5;4120;14,131851546957536
BraTS20_Training_238;Sagittal;True;2,678203799095253;51708.5;923.5;52233;100,0
BraTS20_Training_239;Coronal;False;0;0.0;0.0;0;0
BraTS20_Training_239;Axial;False;0;0.0;0.0;0;0
BraTS20_Training_239;Sagittal;False;0;0.0;0.0;0;0
BraTS20_Training_240;Coronal;False;0;0.0;0.0;0;0
BraTS20_Training_240;Axial;False;0;0.0;0.0;0;0
BraTS20_Training_240;Sagittal;True;0,9459621187583306;25287.5;2997.5;22412;87,41029641185646
BraTS20_Training_241;Coronal;False;0;0.0;0.0;0;0
BraTS20_Training_241;Axial;True;0,044547190267472;20974.5;12818.5;8204;38,6034255599473
BraTS20_Training_241;Sagittal;False;0;0.0;0.0;0;0
BraTS20_Training_242;Coronal;False;0;0.0;0.0;0;0
BraTS20_Training_242;Axial;True;0,23505859244574162;14792.0;8717.0;6167;41,00944274504588
BraTS20_Training_242;Sagittal;False;0;0.0;0.0;0;0
BraTS20_Training_243;Coronal;True;0,6086170341132598;16276.0;7630.0;9098;54,82704592021213
BraTS20_Training_243;Axial;True;0,8366703579322536;11753.0;7312.5;5353;44,52670104807852
BraTS20_Training_243;Sagittal;True;0,1901100024409061;16275.5;8698.5;7714;46,38326017677831
BraTS20_Training_244;Coronal;True;0,11060073852304186;25645.5;18842.5;7304;28,05885290615036
BraTS20_Training_244;Axial;True;0,0971314341001949;20214.0;15554.0;4831;23,570452771272443
BraTS20_Training_244;Sagittal;True;0,11576887379054246;33965.0;24344.5;9770;28,404465635539015
BraTS20_Training_245;Coronal;False;0;0.0;0.0;0;0
BraTS20_Training_245;Axial;True;0,268216076635727;33506.5;12025.5;21709;63,819967074317965
BraTS20_Training_245;Sagittal;False;0;0.0;0.0;0;0
BraTS20_Training_246;Coronal;False;0;0.0;0.0;0;0
BraTS20_Training_246;Axial;True;0,18447343911652753;18587.5;13262.0;5941;31,52727658671195
BraTS20_Training_246;Sagittal;True;0,881305076840418;26929.5;7736.5;19288;70,82583630154592
BraTS20_Training_247;Coronal;True;0,06713714758740325;32476.0;21244.0;11349;34,523773309402856
BraTS20_Training_247;Axial;True;0,133955309835525;23946.0;15118.5;9202;37,90106676551753
BraTS20_Training_247;Sagittal;False;0;0.0;0.0;0;0
BraTS20_Training_248;Coronal;True;0,9437430570723305;26761.0;10427.5;16439;60,502005815023374
BraTS20_Training_248;Axial;True;0,12661280467764258;18068.0;14742.0;3462;18,90460328728226
BraTS20_Training_248;Sagittal;True;0,18376693669827843;36574.5;27560.0;9421;25,453219139221357
BraTS20_Training_249;Coronal;True;0,1774804209275111;20346.0;9313.0;11772;57,01554705284061
BraTS20_Training_249;Axial;True;0,06428469937984777;18326.5;7429.0;11412;60,98760153911928
BraTS20_Training_249;Sagittal;True;0,1334491908400755;14922.0;8384.0;6876;45,278546029237454
BraTS20_Training_250;Coronal;True;0,5332963143459376;5013.5;2595.0;2629;50,65510597302505
BraTS20_Training_250;Axial;True;0,2833384218612747;4323.0;1636.0;2748;61,462760008946546
BraTS20_Training_250;Sagittal;False;0;0.0;0.0;0;0
BraTS20_Training_251;Coronal;True;0,20449254637306874;24694.0;12704.5;12797;51,1961913906225
BraTS20_Training_251;Axial;True;0,219048442363122;10232.0;6071.5;4291;41,05434366628396
BraTS20_Training_251;Sagittal;True;0,0685146910695395;14780.5;8851.5;5978;39,818823686138686
BraTS20_Training_252;Coronal;True;0,25838394228784356;31041.5;16094.0;15125;48,04485245068454
BraTS20_Training_252;Axial;False;0;0.0;0.0;0;0
BraTS20_Training_252;Sagittal;True;0,2927722023916041;32086.0;17569.5;14642;44,99969266703547
BraTS20_Training_253;Coronal;True;0,26045257111621933;15406.5;8050.0;7491;47,77118806198584
BraTS20_Training_253;Axial;True;0,022989518280888466;11543.0;9395.5;2317;19,690660321237356
BraTS20_Training_253;Sagittal;True;0,23463313122311247;19927.5;10550.5;9414;46,548655063291136
BraTS20_Training_254;Coronal;True;0,14834735536475482;27360.0;18366.5;9517;34,204284071305345
BraTS20_Training_254;Axial;True;0,10709244004286894;32367.0;13823.0;18899;57,6048524750061
BraTS20_Training_254;Sagittal;True;2,014368692454232;39481.0;41722.5;6093;15,235547109421885
BraTS20_Training_255;Coronal;False;0;0.0;0.0;0;0
BraTS20_Training_255;Axial;True;0,04385521340059312;28697.5;24680.0;4142;14,282758620689656
BraTS20_Training_255;Sagittal;True;0,06403795934621215;45477.0;34515.5;11020;23,99198815640512
BraTS20_Training_256;Coronal;False;0;0.0;0.0;0;0
BraTS20_Training_256;Axial;False;0;0.0;0.0;0;0
BraTS20_Training_256;Sagittal;True;0,2140609374131131;45669.5;19993.5;26014;56,41848662950834
BraTS20_Training_257;Coronal;True;12,943345700469633;9722.0;10539.5;2414;24,33958459366808
BraTS20_Training_257;Axial;True;0,04110145383227576;5165.0;5069.5;465;8,78186968838527
BraTS20_Training_257;Sagittal;True;0,11327768411355638;11629.0;7439.5;4255;35,919297653216276
BraTS20_Training_258;Coronal;True;0,6617003165722442;25903.5;14676.0;11105;42,369324685234645
BraTS20_Training_258;Axial;True;0,05487580911542217;19318.0;16658.0;2856;14,598241668370477
BraTS20_Training_258;Sagittal;True;0,07196453213600792;26772.5;19246.0;7574;27,964850095997633
BraTS20_Training_259;Coronal;True;0,2211217832975294;13271.0;7145.0;7726;56,82135765242333
BraTS20_Training_259;Axial;True;0,3332152309188051;8428.5;4413.5;4099;47,41469057258531
BraTS20_Training_259;Sagittal;False;0;0.0;0.0;0;0
BraTS20_Training_260;Coronal;False;0;0.0;0.0;0;0
BraTS20_Training_260;Axial;False;0;0.0;0.0;0;0
BraTS20_Training_260;Sagittal;False;0;0.0;0.0;0;0
BraTS20_Training_261;Coronal;False;0;0.0;0.0;0;0
BraTS20_Training_261;Axial;False;0;0.0;0.0;0;0
BraTS20_Training_261;Sagittal;False;0;0.0;0.0;0;0
BraTS20_Training_262;Coronal;False;0;0.0;0.0;0;0
BraTS20_Training_262;Axial;False;0;0.0;0.0;0;0
BraTS20_Training_262;Sagittal;False;0;0.0;0.0;0;0
BraTS20_Training_263;Coronal;False;0;0.0;0.0;0;0
BraTS20_Training_263;Axial;False;0;0.0;0.0;0;0
BraTS20_Training_263;Sagittal;False;0;0.0;0.0;0;0
BraTS20_Training_264;Coronal;False;0;0.0;0.0;0;0
BraTS20_Training_264;Axial;False;0;0.0;0.0;0;0
BraTS20_Training_264;Sagittal;False;0;0.0;0.0;0;0
BraTS20_Training_265;Coronal;False;0;0.0;0.0;0;0
BraTS20_Training_265;Axial;False;0;0.0;0.0;0;0
BraTS20_Training_265;Sagittal;False;0;0.0;0.0;0;0
BraTS20_Training_266;Coronal;False;0;0.0;0.0;0;0
BraTS20_Training_266;Axial;False;0;0.0;0.0;0;0
BraTS20_Training_266;Sagittal;False;0;0.0;0.0;0;0
BraTS20_Training_267;Coronal;False;0;0.0;0.0;0;0
BraTS20_Training_267;Axial;False;0;0.0;0.0;0;0
BraTS20_Training_267;Sagittal;False;0;0.0;0.0;0;0
BraTS20_Training_268;Coronal;False;0;0.0;0.0;0;0
BraTS20_Training_268;Axial;False;0;0.0;0.0;0;0
BraTS20_Training_268;Sagittal;False;0;0.0;0.0;0;0
BraTS20_Training_269;Coronal;False;0;0.0;0.0;0;0
BraTS20_Training_269;Axial;False;0;0.0;0.0;0;0
BraTS20_Training_269;Sagittal;False;0;0.0;0.0;0;0
BraTS20_Training_270;Coronal;True;0,4257755330711488;34207.5;11878.5;22581;65,05992854673273
BraTS20_Training_270;Axial;True;0,05087758440097517;24305.0;15210.0;9524;38,41871722468738
BraTS20_Training_270;Sagittal;True;0,08257862986104536;53126.5;25685.5;27873;51,80084745762712
BraTS20_Training_271;Coronal;False;0;0.0;0.0;0;0
BraTS20_Training_271;Axial;False;0;0.0;0.0;0;0
BraTS20_Training_271;Sagittal;False;0;0.0;0.0;0;0
BraTS20_Training_272;Coronal;False;0;0.0;0.0;0;0
BraTS20_Training_272;Axial;False;0;0.0;0.0;0;0
BraTS20_Training_272;Sagittal;False;0;0.0;0.0;0;0
BraTS20_Training_273;Coronal;False;0;0.0;0.0;0;0
BraTS20_Training_273;Axial;False;0;0.0;0.0;0;0
BraTS20_Training_273;Sagittal;False;0;0.0;0.0;0;0
BraTS20_Training_274;Coronal;False;0;0.0;0.0;0;0
BraTS20_Training_274;Axial;False;0;0.0;0.0;0;0
BraTS20_Training_274;Sagittal;False;0;0.0;0.0;0;0
BraTS20_Training_275;Coronal;False;0;0.0;0.0;0;0
BraTS20_Training_275;Axial;False;0;0.0;0.0;0;0
BraTS20_Training_275;Sagittal;False;0;0.0;0.0;0;0
BraTS20_Training_276;Coronal;True;0,08286093177901588;5421.5;4354.0;1296;23,15526174736466
BraTS20_Training_276;Axial;True;0,2457969199988302;2935.0;2771.0;550;18,080210387902696
BraTS20_Training_276;Sagittal;True;0,14366924749796708;5557.5;3109.5;2500;43,63001745200698
BraTS20_Training_277;Coronal;True;0,21758762313903024;3543.5;2374.0;1308;35,56280587275693
BraTS20_Training_277;Axial;True;0,1528001773599063;2707.5;1193.0;1544;55,16255805644873
BraTS20_Training_277;Sagittal;True;0,42773254573036507;3679.5;1959.5;1779;46,47335423197492
BraTS20_Training_278;Coronal;False;0;0.0;0.0;0;0
BraTS20_Training_278;Axial;False;0;0.0;0.0;0;0
BraTS20_Training_278;Sagittal;False;0;0.0;0.0;0;0
BraTS20_Training_279;Coronal;False;0;0.0;0.0;0;0
BraTS20_Training_279;Axial;False;0;0.0;0.0;0;0
BraTS20_Training_279;Sagittal;False;0;0.0;0.0;0;0
BraTS20_Training_280;Coronal;True;0,0765584312851601;2235.5;1718.5;545;23,481258078414477
BraTS20_Training_280;Axial;True;0,1644518953160766;1136.0;598.5;564;47,15719063545151
BraTS20_Training_280;Sagittal;True;0,20367729181012334;1774.0;1011.5;812;43,820831084727466
BraTS20_Training_281;Coronal;False;0;0.0;0.0;0;0
BraTS20_Training_281;Axial;False;0;0.0;0.0;0;0
BraTS20_Training_281;Sagittal;False;0;0.0;0.0;0;0
BraTS20_Training_282;Coronal;True;0,12099275917666236;9093.5;690.5;8655;92,04509199191747
BraTS20_Training_282;Axial;True;0,23579002162674256;8780.5;1993.0;6859;76,68828264758497
BraTS20_Training_282;Sagittal;True;0,028181997003968617;10719.0;2395.0;8545;77,34431571325126
BraTS20_Training_283;Coronal;False;0;0.0;0.0;0;0
BraTS20_Training_283;Axial;False;0;0.0;0.0;0;0
BraTS20_Training_283;Sagittal;False;0;0.0;0.0;0;0
BraTS20_Training_284;Coronal;False;0;0.0;0.0;0;0
BraTS20_Training_284;Axial;False;0;0.0;0.0;0;0
BraTS20_Training_284;Sagittal;False;0;0.0;0.0;0;0
BraTS20_Training_285;Coronal;False;0;0.0;0.0;0;0
BraTS20_Training_285;Axial;False;0;0.0;0.0;0;0
BraTS20_Training_285;Sagittal;False;0;0.0;0.0;0;0
BraTS20_Training_286;Coronal;False;0;0.0;0.0;0;0
BraTS20_Training_286;Axial;False;0;0.0;0.0;0;0
BraTS20_Training_286;Sagittal;False;0;0.0;0.0;0;0
BraTS20_Training_287;Coronal;False;0;0.0;0.0;0;0
BraTS20_Training_287;Axial;False;0;0.0;0.0;0;0
BraTS20_Training_287;Sagittal;False;0;0.0;0.0;0;0
BraTS20_Training_288;Coronal;True;0,229929140823297;21021.5;7403.5;13796;64,65157692487932
BraTS20_Training_288;Axial;True;0,0914793898966415;17195.5;12441.5;5497;31,45636623748212
BraTS20_Training_288;Sagittal;True;0,19341629779149408;21885.5;11259.0;10791;48,496696777672916
BraTS20_Training_289;Coronal;True;0,19482449253496054;25536.0;8209.5;26005;100,0
BraTS20_Training_289;Axial;False;0;0.0;0.0;0;0
BraTS20_Training_289;Sagittal;False;0;0.0;0.0;0;0
BraTS20_Training_290;Coronal;True;39,4457165777831;6757.5;23732.5;1959;27,95376712328767
BraTS20_Training_290;Axial;True;0,12991933156812147;4144.5;2863.0;1464;34,08614668218859
BraTS20_Training_290;Sagittal;True;0,09925296895697527;6623.0;4079.5;2927;42,8613266949773
BraTS20_Training_291;Coronal;False;0;0.0;0.0;0;0
BraTS20_Training_291;Axial;False;0;0.0;0.0;0;0
BraTS20_Training_291;Sagittal;False;0;0.0;0.0;0;0
BraTS20_Training_292;Coronal;False;0;0.0;0.0;0;0
BraTS20_Training_292;Axial;False;0;0.0;0.0;0;0
BraTS20_Training_292;Sagittal;False;0;0.0;0.0;0;0
BraTS20_Training_293;Coronal;False;0;0.0;0.0;0;0
BraTS20_Training_293;Axial;False;0;0.0;0.0;0;0
BraTS20_Training_293;Sagittal;False;0;0.0;0.0;0;0
BraTS20_Training_294;Coronal;False;0;0.0;0.0;0;0
BraTS20_Training_294;Axial;False;0;0.0;0.0;0;0
BraTS20_Training_294;Sagittal;False;0;0.0;0.0;0;0
BraTS20_Training_295;Coronal;False;0;0.0;0.0;0;0
BraTS20_Training_295;Axial;False;0;0.0;0.0;0;0
BraTS20_Training_295;Sagittal;False;0;0.0;0.0;0;0
BraTS20_Training_296;Coronal;False;0;0.0;0.0;0;0
BraTS20_Training_296;Axial;False;0;0.0;0.0;0;0
BraTS20_Training_296;Sagittal;False;0;0.0;0.0;0;0
BraTS20_Training_297;Coronal;False;0;0.0;0.0;0;0
BraTS20_Training_297;Axial;False;0;0.0;0.0;0;0
BraTS20_Training_297;Sagittal;False;0;0.0;0.0;0;0
BraTS20_Training_298;Coronal;False;0;0.0;0.0;0;0
BraTS20_Training_298;Axial;False;0;0.0;0.0;0;0
BraTS20_Training_298;Sagittal;False;0;0.0;0.0;0;0
BraTS20_Training_299;Coronal;False;0;0.0;0.0;0;0
BraTS20_Training_299;Axial;False;0;0.0;0.0;0;0
BraTS20_Training_299;Sagittal;False;0;0.0;0.0;0;0
BraTS20_Training_300;Coronal;False;0;0.0;0.0;0;0
BraTS20_Training_300;Axial;False;0;0.0;0.0;0;0
BraTS20_Training_300;Sagittal;False;0;0.0;0.0;0;0
BraTS20_Training_301;Coronal;False;0;0.0;0.0;0;0
BraTS20_Training_301;Axial;False;0;0.0;0.0;0;0
BraTS20_Training_301;Sagittal;False;0;0.0;0.0;0;0
BraTS20_Training_302;Coronal;False;0;0.0;0.0;0;0
BraTS20_Training_302;Axial;False;0;0.0;0.0;0;0
BraTS20_Training_302;Sagittal;False;0;0.0;0.0;0;0
BraTS20_Training_303;Coronal;False;0;0.0;0.0;0;0
BraTS20_Training_303;Axial;False;0;0.0;0.0;0;0
BraTS20_Training_303;Sagittal;False;0;0.0;0.0;0;0
BraTS20_Training_304;Coronal;False;0;0.0;0.0;0;0
BraTS20_Training_304;Axial;False;0;0.0;0.0;0;0
BraTS20_Training_304;Sagittal;False;0;0.0;0.0;0;0
BraTS20_Training_305;Coronal;False;0;0.0;0.0;0;0
BraTS20_Training_305;Axial;False;0;0.0;0.0;0;0
BraTS20_Training_305;Sagittal;False;0;0.0;0.0;0;0
BraTS20_Training_306;Coronal;False;0;0.0;0.0;0;0
BraTS20_Training_306;Axial;False;0;0.0;0.0;0;0
BraTS20_Training_306;Sagittal;False;0;0.0;0.0;0;0
BraTS20_Training_307;Coronal;False;0;0.0;0.0;0;0
BraTS20_Training_307;Axial;False;0;0.0;0.0;0;0
BraTS20_Training_307;Sagittal;False;0;0.0;0.0;0;0
BraTS20_Training_308;Coronal;False;0;0.0;0.0;0;0
BraTS20_Training_308;Axial;False;0;0.0;0.0;0;0
BraTS20_Training_308;Sagittal;False;0;0.0;0.0;0;0
BraTS20_Training_309;Coronal;False;0;0.0;0.0;0;0
BraTS20_Training_309;Axial;False;0;0.0;0.0;0;0
BraTS20_Training_309;Sagittal;False;0;0.0;0.0;0;0
BraTS20_Training_310;Coronal;False;0;0.0;0.0;0;0
BraTS20_Training_310;Axial;False;0;0.0;0.0;0;0
BraTS20_Training_310;Sagittal;False;0;0.0;0.0;0;0
BraTS20_Training_311;Coronal;True;0,16517391418910782;11026.5;2437.0;11232;100,0
BraTS20_Training_311;Axial;True;0,5462807557350727;5631.0;786.5;4926;85,2987012987013
BraTS20_Training_311;Sagittal;False;0;0.0;0.0;0;0
BraTS20_Training_312;Coronal;False;0;0.0;0.0;0;0
BraTS20_Training_312;Axial;False;0;0.0;0.0;0;0
BraTS20_Training_312;Sagittal;False;0;0.0;0.0;0;0
BraTS20_Training_313;Coronal;False;0;0.0;0.0;0;0
BraTS20_Training_313;Axial;False;0;0.0;0.0;0;0
BraTS20_Training_313;Sagittal;False;0;0.0;0.0;0;0
BraTS20_Training_314;Coronal;True;0,7370352520891015;5052.5;3594.0;1718;32,77375047691721
BraTS20_Training_314;Axial;False;0;0.0;0.0;0;0
BraTS20_Training_314;Sagittal;False;0;0.0;0.0;0;0
BraTS20_Training_315;Coronal;True;4,505042319603559;17926.5;7077.0;13674;75,28491989208831
BraTS20_Training_315;Axial;True;3,407670861006392;11767.0;6180.0;8693;72,72651217267632
BraTS20_Training_315;Sagittal;False;0;0.0;0.0;0;0
BraTS20_Training_316;Coronal;False;0;0.0;0.0;0;0
BraTS20_Training_316;Axial;False;0;0.0;0.0;0;0
BraTS20_Training_316;Sagittal;False;0;0.0;0.0;0;0
BraTS20_Training_317;Coronal;False;0;0.0;0.0;0;0
BraTS20_Training_317;Axial;False;0;0.0;0.0;0;0
BraTS20_Training_317;Sagittal;True;0,10225654410107154;7807.0;3774.0;4530;56,68877487173069
BraTS20_Training_318;Coronal;False;0;0.0;0.0;0;0
BraTS20_Training_318;Axial;False;0;0.0;0.0;0;0
BraTS20_Training_318;Sagittal;True;18,216159860302724;67164.5;9787.0;62518;92,37429631052468
BraTS20_Training_319;Coronal;False;0;0.0;0.0;0;0
BraTS20_Training_319;Axial;False;0;0.0;0.0;0;0
BraTS20_Training_319;Sagittal;False;0;0.0;0.0;0;0
BraTS20_Training_320;Coronal;False;0;0.0;0.0;0;0
BraTS20_Training_320;Axial;False;0;0.0;0.0;0;0
BraTS20_Training_320;Sagittal;False;0;0.0;0.0;0;0
BraTS20_Training_321;Coronal;False;0;0.0;0.0;0;0
BraTS20_Training_321;Axial;False;0;0.0;0.0;0;0
BraTS20_Training_321;Sagittal;False;0;0.0;0.0;0;0
BraTS20_Training_322;Coronal;False;0;0.0;0.0;0;0
BraTS20_Training_322;Axial;False;0;0.0;0.0;0;0
BraTS20_Training_322;Sagittal;False;0;0.0;0.0;0;0
BraTS20_Training_323;Coronal;False;0;0.0;0.0;0;0
BraTS20_Training_323;Axial;False;0;0.0;0.0;0;0
BraTS20_Training_323;Sagittal;False;0;0.0;0.0;0;0
BraTS20_Training_324;Coronal;False;0;0.0;0.0;0;0
BraTS20_Training_324;Axial;False;0;0.0;0.0;0;0
BraTS20_Training_324;Sagittal;False;0;0.0;0.0;0;0
BraTS20_Training_325;Coronal;False;0;0.0;0.0;0;0
BraTS20_Training_325;Axial;False;0;0.0;0.0;0;0
BraTS20_Training_325;Sagittal;False;0;0.0;0.0;0;0
BraTS20_Training_326;Coronal;True;0,5514808267366847;37979.0;3359.0;34874;90,87924115286393
BraTS20_Training_326;Axial;True;3,3353637987186704;26147.0;26615.0;6079;22,989070831600046
BraTS20_Training_326;Sagittal;True;0,08810256141397735;52276.5;344.5;52749;100,0
BraTS20_Training_327;Coronal;False;0;0.0;0.0;0;0
BraTS20_Training_327;Axial;False;0;0.0;0.0;0;0
BraTS20_Training_327;Sagittal;False;0;0.0;0.0;0;0
BraTS20_Training_328;Coronal;False;0;0.0;0.0;0;0
BraTS20_Training_328;Axial;False;0;0.0;0.0;0;0
BraTS20_Training_328;Sagittal;False;0;0.0;0.0;0;0
BraTS20_Training_329;Coronal;False;0;0.0;0.0;0;0
BraTS20_Training_329;Axial;False;0;0.0;0.0;0;0
BraTS20_Training_329;Sagittal;False;0;0.0;0.0;0;0
BraTS20_Training_330;Coronal;False;0;0.0;0.0;0;0
BraTS20_Training_330;Axial;False;0;0.0;0.0;0;0
BraTS20_Training_330;Sagittal;False;0;0.0;0.0;0;0
BraTS20_Training_331;Coronal;True;0,21113315638543817;5696.0;1739.0;4045;69,0862510674637
BraTS20_Training_331;Axial;False;0;0.0;0.0;0;0
BraTS20_Training_331;Sagittal;False;0;0.0;0.0;0;0
BraTS20_Training_332;Coronal;True;0,14521681300249994;3317.0;1779.0;1565;45,64012831729367
BraTS20_Training_332;Axial;True;0,08457222536561887;2501.5;1851.0;688;26,380368098159508
BraTS20_Training_332;Sagittal;True;0,20240298679016078;3806.5;1818.5;2057;51,983826130907254
BraTS20_Training_333;Coronal;False;0;0.0;0.0;0;0
BraTS20_Training_333;Axial;False;0;0.0;0.0;0;0
BraTS20_Training_333;Sagittal;False;0;0.0;0.0;0;0
BraTS20_Training_334;Coronal;True;0,4313311317456289;11808.0;7663.0;4253;35,33272410068954
BraTS20_Training_334;Axial;True;0,15920338051261546;6644.0;3292.0;3398;49,96324069989707
BraTS20_Training_334;Sagittal;True;0,5915164186936523;11151.0;3991.0;7288;63,890593495222234
BraTS20_Training_335;Coronal;False;0;0.0;0.0;0;0
BraTS20_Training_335;Axial;False;0;0.0;0.0;0;0
BraTS20_Training_335;Sagittal;False;0;0.0;0.0;0;0
BraTS20_Training_336;Coronal;True;0,9143870684102006;26765.0;14456.0;14863;54,804572271386434
BraTS20_Training_336;Axial;True;0,12460264646934696;18853.0;19875.0;1570;8,223339618688456
BraTS20_Training_336;Sagittal;True;0,8041185017690506;37122.5;17221.5;20208;53,85353373840742
BraTS20_Training_337;Coronal;True;0,4731406708142465;23432.5;19123.5;7396;31,127946127946128
BraTS20_Training_337;Axial;True;0,2187018051326085;15496.5;12490.0;3535;22,485846956300488
BraTS20_Training_337;Sagittal;True;0,04849568855345676;29769.0;20441.5;9533;31,636411907211365
BraTS20_Training_338;Coronal;True;0,0963055148806869;28499.0;20155.5;8768;30,401165008148123
BraTS20_Training_338;Axial;True;0,25362263882774966;22230.5;11743.5;10584;47,01910262105731
BraTS20_Training_338;Sagittal;True;0,15567814394468416;33361.0;15299.5;18156;53,776435045317214
BraTS20_Training_339;Coronal;True;0,71672969983767;27732.0;26475.5;6350;22,617987533392697
BraTS20_Training_339;Axial;True;0,3186906880485921;17499.0;16485.0;2315;13,053284465745701
BraTS20_Training_339;Sagittal;True;0,018131432955866666;34985.5;27528.5;7891;22,292219899429348
BraTS20_Training_340;Coronal;True;0,2963499948435634;24444.0;13550.5;10941;44,13295147432536
BraTS20_Training_340;Axial;True;0,10825033359230063;22759.5;18012.0;6143;26,64382373351839
BraTS20_Training_340;Sagittal;True;0,48596636079629085;25099.5;13703.0;12037;47,33385764844672
BraTS20_Training_341;Coronal;False;0;0.0;0.0;0;0
BraTS20_Training_341;Axial;True;0,2124821203930221;5100.0;3413.5;1720;32,918660287081345
BraTS20_Training_341;Sagittal;False;0;0.0;0.0;0;0
BraTS20_Training_342;Coronal;False;0;0.0;0.0;0;0
BraTS20_Training_342;Axial;False;0;0.0;0.0;0;0
BraTS20_Training_342;Sagittal;True;0,355052031322409;47319.5;10886.0;36741;76,64434570373615
BraTS20_Training_343;Coronal;True;0,07989221242345115;23980.0;25378.0;2322;9,547304798322436
BraTS20_Training_343;Axial;True;0,11901890099974236;19566.5;17486.5;2582;13,028559895044909
BraTS20_Training_343;Sagittal;True;0,06821707863110338;30524.5;24064.5;6831;22,032640949554896
BraTS20_Training_344;Coronal;False;0;0.0;0.0;0;0
BraTS20_Training_344;Axial;True;0,20348844724597287;8402.5;7238.5;1900;22,147103392003732
BraTS20_Training_344;Sagittal;False;0;0.0;0.0;0;0
BraTS20_Training_345;Coronal;True;0,09409746335790195;7901.5;2878.0;5169;63,48563006632277
BraTS20_Training_345;Axial;False;0;0.0;0.0;0;0
BraTS20_Training_345;Sagittal;False;0;0.0;0.0;0;0
BraTS20_Training_346;Coronal;True;25,07866763558344;25051.5;11186.5;17474;68,84677514676333
BraTS20_Training_346;Axial;True;5,403814316264872;19888.0;6074.0;14388;71,47540983606558
BraTS20_Training_346;Sagittal;True;1,4041040650190042;37146.5;17496.0;19982;53,23848346788159
BraTS20_Training_347;Coronal;True;0,06907259961646;16963.0;13002.5;4371;25,378853858212857
BraTS20_Training_347;Axial;True;0,10664427380535713;11707.0;5995.0;5750;48,315267624569366
BraTS20_Training_347;Sagittal;True;0,045399081634526606;26466.5;18611.5;8027;29,932505500242385
BraTS20_Training_348;Coronal;True;1,195483207869823;24684.0;19584.0;9239;36,98262749179409
BraTS20_Training_348;Axial;True;0,06799186697544252;17184.0;13398.0;3898;22,385573996439444
BraTS20_Training_348;Sagittal;True;0,23305384564020099;33291.5;17361.0;15827;47,07334483373981
BraTS20_Training_349;Coronal;True;0,04591766064951425;31716.0;26738.0;6261;19,476156406507606
BraTS20_Training_349;Axial;True;1,4468449659830085;38589.5;13608.0;25034;64,26719379765359
BraTS20_Training_349;Sagittal;True;0,8770384738228211;41418.0;15344.0;26060;62,114169943987605
BraTS20_Training_350;Coronal;True;0,1615169539733364;22861.0;21153.0;4054;17,499028790952647
BraTS20_Training_350;Axial;True;0,4922701434899368;15838.5;12647.5;4066;25,306528910188586
BraTS20_Training_350;Sagittal;True;0,04841632169501278;29204.0;20905.5;8443;28,48899986502902
BraTS20_Training_351;Coronal;True;0,09741076453335251;13157.0;7776.5;5542;41,33353221957041
BraTS20_Training_351;Axial;True;0,1546169448377807;9815.0;7122.0;2866;28,67433716858429
BraTS20_Training_351;Sagittal;True;0,11010559674700265;16671.0;11767.5;5312;31,33183909401911
BraTS20_Training_352;Coronal;True;0,26247301712162574;10041.0;6643.5;3510;34,233882766019704
BraTS20_Training_352;Axial;False;0;0.0;0.0;0;0
BraTS20_Training_352;Sagittal;False;0;0.0;0.0;0;0
BraTS20_Training_353;Coronal;True;0,2853463648842579;8918.0;8695.0;1199;13,175824175824175
BraTS20_Training_353;Axial;True;0,0848209045694327;8575.5;7613.0;1370;15,669678600022877
BraTS20_Training_353;Sagittal;True;0,099563851990013;12627.0;12130.5;1795;13,975397072563064
BraTS20_Training_354;Coronal;False;0;0.0;0.0;0;0
BraTS20_Training_354;Axial;True;2,3842653019448043;27913.5;8690.5;18967;67,22787367525609
BraTS20_Training_354;Sagittal;True;0,42691583707790487;40988.5;20231.5;20632;49,829730708851585
BraTS20_Training_355;Coronal;True;0,18797760756972004;32946.0;25855.0;7570;22,741610839066304
BraTS20_Training_355;Axial;True;0,0920099041386988;24359.0;18793.5;5858;23,722361707297317
BraTS20_Training_355;Sagittal;True;0,016190843375518682;46363.0;33480.0;13020;27,834787070292457
BraTS20_Training_356;Coronal;False;0;0.0;0.0;0;0
BraTS20_Training_356;Axial;True;0,06594174546525922;9981.0;8885.5;1483;14,596456692913387
BraTS20_Training_356;Sagittal;True;0,07141476740191843;21348.0;15920.0;5470;25,287781424806987
BraTS20_Training_357;Coronal;False;0;0.0;0.0;0;0
BraTS20_Training_357;Axial;True;3,936257357701526;14916.5;3530.5;11624;76,46865337806723
BraTS20_Training_357;Sagittal;False;0;0.0;0.0;0;0
BraTS20_Training_358;Coronal;True;0,025181412650889745;11230.5;7092.0;4241;36,84942219132852
BraTS20_Training_358;Axial;True;0,09528111704975731;9234.5;4518.0;4773;50,63653723742839
BraTS20_Training_358;Sagittal;True;0,28514840299247884;13354.5;8142.0;5270;38,67606047262586
BraTS20_Training_359;Coronal;True;0,09113788461813593;28234.5;19716.0;8867;31,0295352743561
BraTS20_Training_359;Axial;True;0,013505811520996336;15860.5;12255.5;3624;22,534510633005844
BraTS20_Training_359;Sagittal;True;0,4235894629587508;26006.0;12915.0;13034;49,5062291096931
BraTS20_Training_360;Coronal;True;0,31918260472529625;25855.5;16225.0;9655;36,91595931788637
BraTS20_Training_360;Axial;True;0,051139177675418535;22365.0;17450.5;5101;22,48325105782793
BraTS20_Training_360;Sagittal;True;0,05942195501317937;23860.5;17364.0;6556;27,130146906683215
BraTS20_Training_361;Coronal;False;0;0.0;0.0;0;0
BraTS20_Training_361;Axial;False;0;0.0;0.0;0;0
BraTS20_Training_361;Sagittal;False;0;0.0;0.0;0;0
BraTS20_Training_362;Coronal;False;0;0.0;0.0;0;0
BraTS20_Training_362;Axial;False;0;0.0;0.0;0;0
BraTS20_Training_362;Sagittal;False;0;0.0;0.0;0;0
BraTS20_Training_363;Coronal;True;0,3357803416723949;26144.0;25056.5;3800;14,35424772409625
BraTS20_Training_363;Axial;True;0,039705219478692516;23305.0;18982.5;4395;18,641839158466237
BraTS20_Training_363;Sagittal;True;0,0501725522832511;35555.0;26912.5;9236;25,706969494544644
BraTS20_Training_364;Coronal;True;0,22659445081903418;20186.0;10701.0;9611;46,866923489540156
BraTS20_Training_364;Axial;True;0,070072085123734;18420.0;12749.5;5868;31,406551059730248
BraTS20_Training_364;Sagittal;True;0,027753924562649912;34502.5;28850.5;7164;20,520752771332816
BraTS20_Training_365;Coronal;True;0,03041423733213569;26243.5;22513.0;4345;16,364115697499244
BraTS20_Training_365;Axial;True;0,04205263484774929;20838.0;19797.0;1749;8,293423111574755
BraTS20_Training_365;Sagittal;True;0,011180944329868991;27802.0;24585.5;3321;11,806320878808348
BraTS20_Training_366;Coronal;True;0,16771635155959555;15974.5;8051.0;7997;49,30028974785772
BraTS20_Training_366;Axial;True;0,25225257195518624;14235.5;11247.5;4576;31,53904473085671
BraTS20_Training_366;Sagittal;True;0,14258054385214355;27416.5;4670.5;22959;82,648763454408
BraTS20_Training_367;Coronal;True;0,12130740511537541;12091.0;7546.5;4652;37,67716854296591
BraTS20_Training_367;Axial;True;0,0623330955524323;11214.0;7919.5;3428;29,98338143969212
BraTS20_Training_367;Sagittal;True;0,08103740774958729;20579.0;11633.0;9088;43,40848299579672
BraTS20_Training_368;Coronal;False;0;0.0;0.0;0;0
BraTS20_Training_368;Axial;True;0,024591009956162313;8267.5;5847.5;2609;30,788293603965073
BraTS20_Training_368;Sagittal;True;0,539397559983613;16907.5;4274.0;12850;74,4711677774558
BraTS20_Training_369;Coronal;False;0;0.0;0.0;0;0
BraTS20_Training_369;Axial;True;0,08380683130544953;20528.0;12547.0;9116;43,59845042804534
BraTS20_Training_369;Sagittal;True;0,10682154795657933;45388.5;31030.5;17783;38,62510860121633
