Image;Perspective;Segmented;Similarity;Area Original Mask;Area Mask
BraTS20_Training_001;Coronal;True;0.06480497304880173;23165.5;21903.5
BraTS20_Training_001;Axial;True;0.0877198064737788;19169.5;15156.5
BraTS20_Training_001;Sagittal;True;0.34207455606734694;22505.0;11848.5
BraTS20_Training_002;Coronal;True;0.07005050576501604;10969.0;8690.0
BraTS20_Training_002;Axial;True;0.08157070224930732;7165.5;6181.5
BraTS20_Training_002;Sagittal;True;0.023044874079618888;13542.0;12090.5
BraTS20_Training_003;Coronal;True;0.16834869146834375;4388.0;3383.5
BraTS20_Training_003;Axial;True;0.08457211765532646;3281.5;2326.5
BraTS20_Training_003;Sagittal;True;0.10035706501533787;5653.0;3598.0
BraTS20_Training_004;Coronal;True;0.08010724057378535;14948.5;11196.5
BraTS20_Training_004;Axial;True;0.9017022612824179;9973.5;4097.5
BraTS20_Training_004;Sagittal;True;0.10925131292893905;19837.0;13407.0
BraTS20_Training_005;Coronal;True;0.04828963930323624;14641.0;6144.0
BraTS20_Training_005;Axial;True;0.2740783042520472;11015.0;4869.0
BraTS20_Training_005;Sagittal;False;0.0;0.0;0.0
BraTS20_Training_006;Coronal;False;0.0;0.0;0.0
BraTS20_Training_006;Axial;True;0.09279609504272313;14724.0;10648.5
BraTS20_Training_006;Sagittal;True;0.04624933960779745;30308.0;23622.5
BraTS20_Training_007;Coronal;False;0.0;0.0;0.0
BraTS20_Training_007;Axial;True;0.05166265222308705;6902.5;4929.5
BraTS20_Training_007;Sagittal;True;0.29960861450557713;10267.5;8078.0
BraTS20_Training_008;Coronal;True;0.8426476464474457;2825.5;2718.0
BraTS20_Training_008;Axial;True;0.8247502472760612;1952.5;874.5
BraTS20_Training_008;Sagittal;True;0.1032230146842715;1915.5;1030.5
BraTS20_Training_009;Coronal;False;0.0;0.0;0.0
BraTS20_Training_009;Axial;True;0.13524021836914232;28299.5;16136.5
BraTS20_Training_009;Sagittal;False;0.0;0.0;0.0
BraTS20_Training_010;Coronal;True;0.02949297931241357;7440.5;6017.5
BraTS20_Training_010;Axial;True;0.20769803393377545;5002.0;2890.0
BraTS20_Training_010;Sagittal;True;0.06417534363614641;7619.0;3830.0
BraTS20_Training_011;Coronal;True;0.08032015470892781;10084.0;7270.0
BraTS20_Training_011;Axial;True;0.12074888532373385;6789.5;3632.5
BraTS20_Training_011;Sagittal;True;0.043999885848373665;11417.5;6095.5
BraTS20_Training_012;Coronal;True;0.030184163016923504;7406.5;4880.0
BraTS20_Training_012;Axial;True;0.05703602911792244;5939.0;4039.0
BraTS20_Training_012;Sagittal;True;0.06888843581872295;8431.5;5171.0
BraTS20_Training_013;Coronal;False;0.0;0.0;0.0
BraTS20_Training_013;Axial;True;1.6462726755882635;8418.0;4190.5
BraTS20_Training_013;Sagittal;False;0.0;0.0;0.0
BraTS20_Training_014;Coronal;True;0.025888201903299435;16486.0;11548.0
BraTS20_Training_014;Axial;True;0.13060684753312657;17225.0;6149.5
BraTS20_Training_014;Sagittal;True;0.13111937941162383;20561.0;9737.0
BraTS20_Training_015;Coronal;True;0.19089341619454336;11881.0;4919.5
BraTS20_Training_015;Axial;True;0.10754733232815172;10259.5;5893.5
BraTS20_Training_015;Sagittal;True;0.28905389219980526;16509.5;7940.5
BraTS20_Training_016;Coronal;False;0.0;0.0;0.0
BraTS20_Training_016;Axial;True;0.13801187490604408;16023.0;9026.0
BraTS20_Training_016;Sagittal;True;0.08123591178369066;23466.0;14300.0
BraTS20_Training_017;Coronal;True;1.655171647228554;10673.0;6839.0
BraTS20_Training_017;Axial;True;0.3306057846219039;10177.5;5743.0
BraTS20_Training_017;Sagittal;True;0.535263237348059;14297.0;5932.5
BraTS20_Training_018;Coronal;True;1.033162022845688;3334.0;2492.5
BraTS20_Training_018;Axial;True;0.13371863185081773;2086.5;934.5
BraTS20_Training_018;Sagittal;True;0.5272977944741428;4636.0;1539.0
BraTS20_Training_019;Coronal;True;0.1323489232942498;12827.0;9101.5
BraTS20_Training_019;Axial;True;0.3773208558148589;8807.5;4859.0
BraTS20_Training_019;Sagittal;False;0.0;0.0;0.0
BraTS20_Training_020;Coronal;False;0.0;0.0;0.0
BraTS20_Training_020;Axial;False;0.0;0.0;0.0
BraTS20_Training_020;Sagittal;False;0.0;0.0;0.0
BraTS20_Training_021;Coronal;False;0.0;0.0;0.0
BraTS20_Training_021;Axial;True;0.25940793030216025;4131.5;1037.0
BraTS20_Training_021;Sagittal;False;0.0;0.0;0.0
BraTS20_Training_022;Coronal;False;0.0;0.0;0.0
BraTS20_Training_022;Axial;True;0.11662079065367636;11968.5;7688.5
BraTS20_Training_022;Sagittal;True;0.3869575559372894;20535.5;8884.0
BraTS20_Training_023;Coronal;True;0.07777551216203654;13188.0;9013.0
BraTS20_Training_023;Axial;True;0.07390204008944556;8516.0;6173.5
BraTS20_Training_023;Sagittal;True;0.031888784537793646;15142.5;10381.5
BraTS20_Training_024;Coronal;True;0.07651004501490197;21054.0;8954.0
BraTS20_Training_024;Axial;True;0.1701349123865239;15884.5;5965.0
BraTS20_Training_024;Sagittal;True;0.4288430046952258;27115.0;9950.0
BraTS20_Training_025;Coronal;True;0.5116933564794578;20985.5;14480.0
BraTS20_Training_025;Axial;True;0.04176652364455222;10464.5;9335.0
BraTS20_Training_025;Sagittal;True;1.4027653469414523;25527.0;10855.5
BraTS20_Training_026;Coronal;True;0.19569539511763306;23488.0;10023.0
BraTS20_Training_026;Axial;True;0.5523604353726097;18558.5;6721.5
BraTS20_Training_026;Sagittal;True;0.24072779499055147;27698.0;9458.0
BraTS20_Training_027;Coronal;True;0.16430250607765265;18731.0;12265.0
BraTS20_Training_027;Axial;True;0.13912573974149461;12023.0;8213.0
BraTS20_Training_027;Sagittal;True;0.2901537994740202;20940.5;11018.5
BraTS20_Training_028;Coronal;True;0.7906235475727714;10765.5;5108.5
BraTS20_Training_028;Axial;False;0.0;0.0;0.0
BraTS20_Training_028;Sagittal;False;0.0;0.0;0.0
BraTS20_Training_029;Coronal;True;0.0634985503362778;7616.5;6368.0
BraTS20_Training_029;Axial;True;0.04356966097075585;5233.5;3762.0
BraTS20_Training_029;Sagittal;True;0.05147117333291262;6760.0;4655.5
BraTS20_Training_030;Coronal;False;0.0;0.0;0.0
BraTS20_Training_030;Axial;False;0.0;0.0;0.0
BraTS20_Training_030;Sagittal;False;0.0;0.0;0.0
BraTS20_Training_031;Coronal;True;0.35662334920466354;24447.0;6321.5
BraTS20_Training_031;Axial;True;0.9202464869836411;14718.0;4622.0
BraTS20_Training_031;Sagittal;False;0.0;0.0;0.0
BraTS20_Training_032;Coronal;False;0.0;0.0;0.0
BraTS20_Training_032;Axial;True;0.7701408006898041;8232.5;22577.0
BraTS20_Training_032;Sagittal;False;0.0;0.0;0.0
BraTS20_Training_033;Coronal;True;0.0490139753625945;16792.0;15441.0
BraTS20_Training_033;Axial;True;0.04028817704651916;8862.0;6634.5
BraTS20_Training_033;Sagittal;True;0.07993236693733821;15663.0;10774.0
BraTS20_Training_034;Coronal;False;0.0;0.0;0.0
BraTS20_Training_034;Axial;True;0.08982147857326656;13810.5;10903.0
BraTS20_Training_034;Sagittal;False;0.0;0.0;0.0
BraTS20_Training_035;Coronal;True;0.11792232802621355;29514.0;11859.0
BraTS20_Training_035;Axial;False;0.0;0.0;0.0
BraTS20_Training_035;Sagittal;False;0.0;0.0;0.0
BraTS20_Training_036;Coronal;True;0.012870053455581676;8123.5;5120.5
BraTS20_Training_036;Axial;True;0.10261522406761034;4928.5;3225.5
BraTS20_Training_036;Sagittal;False;0.0;0.0;0.0
BraTS20_Training_037;Coronal;True;0.830405969947957;15041.5;15530.0
BraTS20_Training_037;Axial;True;0.7399208441591886;14921.5;6757.0
BraTS20_Training_037;Sagittal;True;0.1507617808698254;15845.0;9066.5
BraTS20_Training_038;Coronal;False;0.0;0.0;0.0
BraTS20_Training_038;Axial;False;0.0;0.0;0.0
BraTS20_Training_038;Sagittal;True;0.2995782660836824;32000.0;7157.0
BraTS20_Training_039;Coronal;True;0.2635041082910517;16955.0;12247.0
BraTS20_Training_039;Axial;True;0.1058986848116037;11439.5;6579.5
BraTS20_Training_039;Sagittal;True;0.055428641569572557;14143.5;7653.0
BraTS20_Training_040;Coronal;True;0.1037481828286752;20270.5;16000.0
BraTS20_Training_040;Axial;True;0.058027494175159566;20830.0;15362.5
BraTS20_Training_040;Sagittal;True;0.7991309434716861;28101.0;12877.5
BraTS20_Training_041;Coronal;True;0.1732574090353157;23277.0;13516.0
BraTS20_Training_041;Axial;True;0.21590460602655454;13050.5;10841.0
BraTS20_Training_041;Sagittal;True;1.0395451404249454;20175.5;6931.0
BraTS20_Training_042;Coronal;True;46.971936568091294;25074.0;5422.0
BraTS20_Training_042;Axial;True;0.19090685571502664;13493.0;11864.5
BraTS20_Training_042;Sagittal;True;0.03893892555720402;22932.0;18204.0
BraTS20_Training_043;Coronal;True;0.8919550868194849;8499.0;3242.0
BraTS20_Training_043;Axial;False;0.0;0.0;0.0
BraTS20_Training_043;Sagittal;False;0.0;0.0;0.0
BraTS20_Training_044;Coronal;True;0.2617711469498778;3797.5;969.0
BraTS20_Training_044;Axial;False;0.0;0.0;0.0
BraTS20_Training_044;Sagittal;True;0.6634440826142021;4276.0;562.5
BraTS20_Training_045;Coronal;True;0.47911588075263456;27645.5;17785.5
BraTS20_Training_045;Axial;False;0.0;0.0;0.0
BraTS20_Training_045;Sagittal;True;0.24097231921864312;37106.5;21136.0
BraTS20_Training_046;Coronal;False;0.0;0.0;0.0
BraTS20_Training_046;Axial;False;0.0;0.0;0.0
BraTS20_Training_046;Sagittal;False;0.0;0.0;0.0
BraTS20_Training_047;Coronal;True;0.1881705666175535;36028.5;24570.0
BraTS20_Training_047;Axial;False;0.0;0.0;0.0
BraTS20_Training_047;Sagittal;True;0.5620186010341334;27845.5;9412.5
BraTS20_Training_048;Coronal;True;0.12754063201115462;4286.0;3388.5
BraTS20_Training_048;Axial;True;1.4003233000075366;3041.5;1048.5
BraTS20_Training_048;Sagittal;True;1.2850777173318564;4498.5;1253.5
BraTS20_Training_049;Coronal;True;0.12620033654927953;7230.0;5735.5
BraTS20_Training_049;Axial;True;0.045959179658869254;5091.0;3518.0
BraTS20_Training_049;Sagittal;True;0.06961724653566004;8058.0;5387.5
BraTS20_Training_050;Coronal;True;0.6072450003139945;31053.0;6878.0
BraTS20_Training_050;Axial;True;0.08639411912566039;20141.5;16431.0
BraTS20_Training_050;Sagittal;True;0.09301262631460999;33759.5;25829.0
BraTS20_Training_051;Coronal;True;0.16444018539079258;12086.0;5311.5
BraTS20_Training_051;Axial;True;0.13045050435253575;9959.5;6749.5
BraTS20_Training_051;Sagittal;True;0.11671351037540462;15167.0;11168.0
BraTS20_Training_052;Coronal;True;0.3458106664299679;11894.5;9907.0
BraTS20_Training_052;Axial;True;0.07717696523330561;8428.0;6825.0
BraTS20_Training_052;Sagittal;True;0.1021449658023379;15027.0;11474.5
BraTS20_Training_053;Coronal;True;0.7135260606737498;15727.5;6240.0
BraTS20_Training_053;Axial;True;0.12123314674316643;8816.0;7725.0
BraTS20_Training_053;Sagittal;True;0.25245817249903113;13973.5;8558.5
BraTS20_Training_054;Coronal;True;0.17505702619944288;22888.0;10678.5
BraTS20_Training_054;Axial;True;0.19431274491035777;17026.5;6647.5
BraTS20_Training_054;Sagittal;True;0.21886417927898114;32537.0;11408.0
BraTS20_Training_055;Coronal;True;0.5579360612221336;12828.5;7289.0
BraTS20_Training_055;Axial;True;0.046168815831871546;8672.0;5291.0
BraTS20_Training_055;Sagittal;True;0.033829652371673374;12537.5;6845.0
BraTS20_Training_056;Coronal;False;0.0;0.0;0.0
BraTS20_Training_056;Axial;True;5.20487267662501;18489.5;11114.5
BraTS20_Training_056;Sagittal;True;0.40232774869970855;32257.0;14360.5
BraTS20_Training_057;Coronal;True;0.4493950195224269;9868.0;9906.5
BraTS20_Training_057;Axial;True;0.13250064242234888;5859.5;3395.5
BraTS20_Training_057;Sagittal;True;0.10144718941130337;11366.5;8678.0
BraTS20_Training_058;Coronal;False;0.0;0.0;0.0
BraTS20_Training_058;Axial;False;0.0;0.0;0.0
BraTS20_Training_058;Sagittal;False;0.0;0.0;0.0
BraTS20_Training_059;Coronal;True;0.16909221869301097;2817.0;1841.5
BraTS20_Training_059;Axial;True;0.05947821405527903;2161.5;1082.0
BraTS20_Training_059;Sagittal;True;0.0494757387914056;3422.5;1733.5
BraTS20_Training_060;Coronal;False;0.0;0.0;0.0
BraTS20_Training_060;Axial;True;0.17280107167968697;14520.0;3447.5
BraTS20_Training_060;Sagittal;True;0.22264899575276226;21145.0;13725.5
BraTS20_Training_061;Coronal;True;1.524787791400792;11186.0;16874.0
BraTS20_Training_061;Axial;True;0.020741925275676143;6633.0;5202.0
BraTS20_Training_061;Sagittal;True;0.3002642926354108;11604.0;6287.5
BraTS20_Training_062;Coronal;True;0.012763039148829536;24752.0;20575.5
BraTS20_Training_062;Axial;True;0.03235807984998662;17852.5;14748.0
BraTS20_Training_062;Sagittal;True;0.031081762037289684;23873.5;19156.0
BraTS20_Training_063;Coronal;False;0.0;0.0;0.0
BraTS20_Training_063;Axial;True;1.6682137204759888;2400.5;735.0
BraTS20_Training_063;Sagittal;False;0.0;0.0;0.0
BraTS20_Training_064;Coronal;False;0.0;0.0;0.0
BraTS20_Training_064;Axial;True;1.5944629369769834;26528.0;7950.5
BraTS20_Training_064;Sagittal;False;0.0;0.0;0.0
BraTS20_Training_065;Coronal;True;0.032836094064701754;4620.5;4174.0
BraTS20_Training_065;Axial;True;0.08738225510774075;3472.0;3254.0
BraTS20_Training_065;Sagittal;True;0.3291271654748593;4016.0;2562.5
BraTS20_Training_066;Coronal;True;1.5385809616480006;14304.5;4025.0
BraTS20_Training_066;Axial;True;0.10279898441544169;10882.5;5940.0
BraTS20_Training_066;Sagittal;True;1.3883500897423329;15339.5;2676.0
BraTS20_Training_067;Coronal;True;0.11164671080999991;31595.5;12756.0
BraTS20_Training_067;Axial;True;0.13018538147751957;16200.0;7594.5
BraTS20_Training_067;Sagittal;True;0.6816625656299043;27848.5;12281.5
BraTS20_Training_068;Coronal;True;0.40935683442628434;21228.5;10259.5
BraTS20_Training_068;Axial;True;0.909013376798693;14655.0;13060.0
BraTS20_Training_068;Sagittal;True;0.4535355071850392;21530.0;8960.0
BraTS20_Training_069;Coronal;True;0.25110231918654335;20514.0;7999.5
BraTS20_Training_069;Axial;True;0.6518235862554727;16758.0;11493.0
BraTS20_Training_069;Sagittal;True;0.21707160985298593;21874.0;10176.0
BraTS20_Training_070;Coronal;False;0.0;0.0;0.0
BraTS20_Training_070;Axial;True;0.09476120972207808;16396.5;1771.0
BraTS20_Training_070;Sagittal;False;0.0;0.0;0.0
BraTS20_Training_071;Coronal;True;0.2226899271408421;13909.5;6096.0
BraTS20_Training_071;Axial;True;0.31607387415287247;10672.5;2850.0
BraTS20_Training_071;Sagittal;True;0.5507927815383818;20564.5;4088.5
BraTS20_Training_072;Coronal;True;0.2904758011928069;32008.0;12901.0
BraTS20_Training_072;Axial;True;0.1452616466925919;17491.5;8858.0
BraTS20_Training_072;Sagittal;True;0.1707362974505367;29058.0;17441.0
BraTS20_Training_073;Coronal;True;1.8346438757871575;13091.0;3291.5
BraTS20_Training_073;Axial;True;0.20577458770721813;10346.5;8083.5
BraTS20_Training_073;Sagittal;True;1.3458975978250436;12849.5;5059.5
BraTS20_Training_074;Coronal;False;0.0;0.0;0.0
BraTS20_Training_074;Axial;False;0.0;0.0;0.0
BraTS20_Training_074;Sagittal;False;0.0;0.0;0.0
BraTS20_Training_075;Coronal;False;0.0;0.0;0.0
BraTS20_Training_075;Axial;True;3.206237946057346;30843.0;4876.5
BraTS20_Training_075;Sagittal;True;2.6472788169044823;44179.5;4328.0
BraTS20_Training_076;Coronal;False;0.0;0.0;0.0
BraTS20_Training_076;Axial;False;0.0;0.0;0.0
BraTS20_Training_076;Sagittal;True;0.31408406421457824;17034.0;5025.0
BraTS20_Training_077;Coronal;True;0.03312025137508218;10366.5;8998.0
BraTS20_Training_077;Axial;True;0.01741279030687376;5777.0;4822.0
BraTS20_Training_077;Sagittal;True;0.03611285320476462;9457.0;7389.0
BraTS20_Training_078;Coronal;True;0.0143874095549191;6679.5;4902.5
BraTS20_Training_078;Axial;True;0.2831113596937812;5144.5;3241.5
BraTS20_Training_078;Sagittal;True;0.09354925148989421;8734.5;5818.5
BraTS20_Training_079;Coronal;False;0.0;0.0;0.0
BraTS20_Training_079;Axial;False;0.0;0.0;0.0
BraTS20_Training_079;Sagittal;False;0.0;0.0;0.0
BraTS20_Training_080;Coronal;True;0.42724168753720726;7551.0;6179.5
BraTS20_Training_080;Axial;True;0.10075737992407247;7662.5;5194.5
BraTS20_Training_080;Sagittal;True;1.0694100545302196;9807.5;3370.0
BraTS20_Training_081;Coronal;True;1.3610947922494145;13632.0;4712.5
BraTS20_Training_081;Axial;True;0.6409081685732865;8426.0;3320.5
BraTS20_Training_081;Sagittal;True;2.7305798416285914;12964.0;4282.0
BraTS20_Training_082;Coronal;True;0.646514968120806;6566.0;6513.0
BraTS20_Training_082;Axial;True;0.16412540408785795;6453.0;3485.5
BraTS20_Training_082;Sagittal;True;2.013415206608912;7062.0;6239.5
BraTS20_Training_083;Coronal;True;0.052623769467736115;8129.0;5076.0
BraTS20_Training_083;Axial;True;2.4586766938495446;7193.5;9286.0
BraTS20_Training_083;Sagittal;True;0.23092901736772734;9661.5;6882.0
BraTS20_Training_084;Coronal;True;0.16490102192586842;14465.0;9821.5
BraTS20_Training_084;Axial;True;0.1649567594254417;13374.5;9332.0
BraTS20_Training_084;Sagittal;True;0.11558983323921129;18539.5;13158.5
BraTS20_Training_085;Coronal;True;0.3641216951519237;8062.0;4598.5
BraTS20_Training_085;Axial;True;0.12216863453594762;4209.5;3288.5
BraTS20_Training_085;Sagittal;True;0.12614012400111807;8839.0;4974.0
BraTS20_Training_086;Coronal;False;0.0;0.0;0.0
BraTS20_Training_086;Axial;True;0.16183142294350572;1071.5;861.5
BraTS20_Training_086;Sagittal;False;0.0;0.0;0.0
BraTS20_Training_087;Coronal;False;0.0;0.0;0.0
BraTS20_Training_087;Axial;False;0.0;0.0;0.0
BraTS20_Training_087;Sagittal;False;0.0;0.0;0.0
BraTS20_Training_088;Coronal;True;0.36400921710329065;13286.5;6157.5
BraTS20_Training_088;Axial;True;0.051678662595688485;7033.5;4471.0
BraTS20_Training_088;Sagittal;True;0.12134764447705038;11702.0;6638.0
BraTS20_Training_089;Coronal;True;0.23816238427639078;13958.5;14480.0
BraTS20_Training_089;Axial;True;0.03312364844757093;10409.5;5246.0
BraTS20_Training_089;Sagittal;False;0.0;0.0;0.0
BraTS20_Training_090;Coronal;True;0.21500509162656975;16882.5;14460.5
BraTS20_Training_090;Axial;True;0.06888897132490412;9830.0;8309.0
BraTS20_Training_090;Sagittal;True;0.10176557507985642;13008.5;9773.0
BraTS20_Training_091;Coronal;True;0.20958861977391358;18519.0;10684.0
BraTS20_Training_091;Axial;True;0.11383202834633577;14216.0;7269.0
BraTS20_Training_091;Sagittal;True;0.10015454415332362;17173.0;10142.5
BraTS20_Training_092;Coronal;True;0.3991176149503076;30919.0;13899.5
BraTS20_Training_092;Axial;False;0.0;0.0;0.0
BraTS20_Training_092;Sagittal;False;0.0;0.0;0.0
BraTS20_Training_093;Coronal;True;0.06420969895776191;17342.5;11866.5
BraTS20_Training_093;Axial;True;0.23202549187850086;13051.0;8243.5
BraTS20_Training_093;Sagittal;True;0.42681727446490414;21517.0;12457.0
BraTS20_Training_094;Coronal;True;0.07115453202436425;2255.5;1537.5
BraTS20_Training_094;Axial;True;0.024964441887578098;1574.0;1090.5
BraTS20_Training_094;Sagittal;True;0.05968293906768399;1974.0;1562.0
BraTS20_Training_095;Coronal;False;0.0;0.0;0.0
BraTS20_Training_095;Axial;True;0.47955377326942195;19536.0;2732.5
BraTS20_Training_095;Sagittal;False;0.0;0.0;0.0
BraTS20_Training_096;Coronal;False;0.0;0.0;0.0
BraTS20_Training_096;Axial;False;0.0;0.0;0.0
BraTS20_Training_096;Sagittal;True;0.28507025819222415;22749.0;11122.0
BraTS20_Training_097;Coronal;True;1.0002031258119974;21471.5;10799.0
BraTS20_Training_097;Axial;False;0.0;0.0;0.0
BraTS20_Training_097;Sagittal;True;0.2299817123024904;42208.5;27908.5
BraTS20_Training_098;Coronal;True;0.04947027786416028;18773.0;14391.0
BraTS20_Training_098;Axial;True;0.37803029007791383;14788.0;5093.0
BraTS20_Training_098;Sagittal;True;0.061859486796151164;20813.0;13202.0
BraTS20_Training_099;Coronal;True;1.0170751611447475;1372.0;1825.5
BraTS20_Training_099;Axial;True;0.3839016058224339;2182.5;1203.0
BraTS20_Training_099;Sagittal;True;0.4654543183313029;3601.0;2696.0
BraTS20_Training_100;Coronal;False;0.0;0.0;0.0
BraTS20_Training_100;Axial;False;0.0;0.0;0.0
BraTS20_Training_100;Sagittal;False;0.0;0.0;0.0
BraTS20_Training_101;Coronal;True;0.17433856404839349;14645.5;5986.0
BraTS20_Training_101;Axial;True;0.15309939982105925;12134.0;7393.0
BraTS20_Training_101;Sagittal;True;0.059279398002158784;19918.0;10729.5
BraTS20_Training_102;Coronal;True;6.205189439443044;8353.5;4075.0
BraTS20_Training_102;Axial;True;1.4811240981948268;8846.0;2567.0
BraTS20_Training_102;Sagittal;True;1.5805963380272807;14136.0;1681.5
BraTS20_Training_103;Coronal;True;0.8078115203099976;23188.0;9035.5
BraTS20_Training_103;Axial;True;0.4548589067156755;16565.0;8580.5
BraTS20_Training_103;Sagittal;True;0.174736055190846;29649.5;16820.5
BraTS20_Training_104;Coronal;True;0.23161928210438676;26027.5;19224.5
BraTS20_Training_104;Axial;True;1.0428504474269056;20454.5;9336.0
BraTS20_Training_104;Sagittal;True;0.2522326097182238;32948.5;20157.5
BraTS20_Training_105;Coronal;True;0.27028588045545265;7142.5;5286.5
BraTS20_Training_105;Axial;True;0.076902233552709;4912.0;4273.5
BraTS20_Training_105;Sagittal;True;0.1676965093118671;8184.5;5593.0
BraTS20_Training_106;Coronal;False;0.0;0.0;0.0
BraTS20_Training_106;Axial;True;0.3474939131650126;21281.5;6758.0
BraTS20_Training_106;Sagittal;True;0.2117001335309901;41849.0;12855.5
BraTS20_Training_107;Coronal;True;0.039412334222916956;8844.5;7283.5
BraTS20_Training_107;Axial;True;0.28969272548875863;9335.5;4428.0
BraTS20_Training_107;Sagittal;True;0.15488202010642832;10327.5;5366.0
BraTS20_Training_108;Coronal;True;0.8554976372610934;9320.5;7152.5
BraTS20_Training_108;Axial;True;0.12405485971988267;9944.0;4654.5
BraTS20_Training_108;Sagittal;True;0.077354168780109;14327.5;5664.0
BraTS20_Training_109;Coronal;True;0.44695544940364296;21079.0;15525.0
BraTS20_Training_109;Axial;True;0.08836641058269287;11676.0;10231.5
BraTS20_Training_109;Sagittal;True;0.1044002698957949;25285.5;15134.0
BraTS20_Training_110;Coronal;True;0.17380854657776745;4153.0;1719.5
BraTS20_Training_110;Axial;True;0.3466387023089057;4758.0;2787.5
BraTS20_Training_110;Sagittal;True;0.5279121308998488;7313.5;1698.5
BraTS20_Training_111;Coronal;False;0.0;0.0;0.0
BraTS20_Training_111;Axial;True;0.3811490449827615;15775.0;4439.5
BraTS20_Training_111;Sagittal;True;0.4636584241559353;19524.0;7492.5
BraTS20_Training_112;Coronal;True;0.4640050428975146;23795.0;25476.0
BraTS20_Training_112;Axial;True;0.7627913984629661;24785.0;10097.5
BraTS20_Training_112;Sagittal;True;0.6312665007051688;32646.5;14212.0
BraTS20_Training_113;Coronal;True;0.2542372879631879;9025.5;4382.5
BraTS20_Training_113;Axial;True;0.34692286380615023;5235.5;2749.5
BraTS20_Training_113;Sagittal;True;0.18115381247703125;7229.0;2848.0
BraTS20_Training_114;Coronal;True;0.6960782003680772;25224.5;24626.5
BraTS20_Training_114;Axial;True;0.02945337704192741;16393.5;13862.0
BraTS20_Training_114;Sagittal;True;1.4321574272380027;29561.0;8176.5
BraTS20_Training_115;Coronal;True;0.07067083983364719;12582.5;9780.0
BraTS20_Training_115;Axial;True;0.010476859428404095;8779.0;7186.5
BraTS20_Training_115;Sagittal;True;0.06884916566228833;13759.0;10196.0
BraTS20_Training_116;Coronal;True;0.12398982317930649;18077.5;14591.0
BraTS20_Training_116;Axial;True;0.18096173812047966;15827.5;15254.0
BraTS20_Training_116;Sagittal;False;0.0;0.0;0.0
BraTS20_Training_117;Coronal;True;0.09999586355018697;10779.0;8284.0
BraTS20_Training_117;Axial;True;0.08315725030034415;7083.5;5947.0
BraTS20_Training_117;Sagittal;True;0.17751103435894228;10666.5;7266.5
BraTS20_Training_118;Coronal;True;0.025576695740694932;8242.0;7462.5
BraTS20_Training_118;Axial;True;0.06784997977808782;6292.0;4134.0
BraTS20_Training_118;Sagittal;True;0.06173554776190249;10187.0;5898.5
BraTS20_Training_119;Coronal;True;1.0391291019858777;7200.0;4393.5
BraTS20_Training_119;Axial;True;1.188161705191213;4712.0;2214.0
BraTS20_Training_119;Sagittal;True;0.8824312531840841;8621.0;3424.5
BraTS20_Training_120;Coronal;True;0.6500831119870216;23972.0;23250.5
BraTS20_Training_120;Axial;True;0.06192567652115555;16512.0;14665.0
BraTS20_Training_120;Sagittal;True;2.01145734869778;29020.5;10074.0
BraTS20_Training_121;Coronal;True;0.09339213483220982;18768.0;14418.0
BraTS20_Training_121;Axial;True;0.026512077987557475;12782.0;10917.5
BraTS20_Training_121;Sagittal;True;0.011790859163544276;18821.5;16977.5
BraTS20_Training_122;Coronal;True;0.0588142715918506;6826.0;4939.0
BraTS20_Training_122;Axial;True;0.12424920119213928;4552.0;4029.0
BraTS20_Training_122;Sagittal;True;0.035394184753505614;6306.5;5394.5
BraTS20_Training_123;Coronal;True;0.1807075470957461;18987.5;11117.0
BraTS20_Training_123;Axial;True;0.2876868852627014;14898.5;8138.5
BraTS20_Training_123;Sagittal;True;0.6115722845943599;25712.5;13488.5
BraTS20_Training_124;Coronal;True;0.09083405105368719;31194.5;18763.0
BraTS20_Training_124;Axial;True;0.17328559027899818;26086.0;18156.5
BraTS20_Training_124;Sagittal;True;1.328361634500137;36300.0;13688.5
BraTS20_Training_125;Coronal;True;0.21788833479712927;18745.5;10550.0
BraTS20_Training_125;Axial;True;0.1265608526689519;13446.5;6793.0
BraTS20_Training_125;Sagittal;True;0.11987104637833795;29903.0;6266.5
BraTS20_Training_126;Coronal;True;0.20403824104325843;16217.5;9985.0
BraTS20_Training_126;Axial;True;0.12748266623353696;10390.0;3583.0
BraTS20_Training_126;Sagittal;True;0.21127003179909817;17497.5;7654.5
BraTS20_Training_127;Coronal;True;0.05087099075519985;7992.5;4218.0
BraTS20_Training_127;Axial;True;0.0902636750125187;5381.5;3143.5
BraTS20_Training_127;Sagittal;True;0.054024510397520376;5782.5;3454.5
BraTS20_Training_128;Coronal;False;0.0;0.0;0.0
BraTS20_Training_128;Axial;False;0.0;0.0;0.0
BraTS20_Training_128;Sagittal;False;0.0;0.0;0.0
BraTS20_Training_129;Coronal;False;0.0;0.0;0.0
BraTS20_Training_129;Axial;True;0.24268446049069914;7526.0;1755.0
BraTS20_Training_129;Sagittal;True;0.7709307107707083;12608.0;3587.5
BraTS20_Training_130;Coronal;True;0.23471271082123868;32384.0;23491.0
BraTS20_Training_130;Axial;True;0.995559498761108;17489.0;6899.5
BraTS20_Training_130;Sagittal;True;1.195157275748997;32589.0;13380.5
BraTS20_Training_131;Coronal;True;1.496049764236593;11093.0;3875.0
BraTS20_Training_131;Axial;True;0.008383569569464955;6008.0;3940.5
BraTS20_Training_131;Sagittal;True;0.9632640485758805;12566.5;3418.5
BraTS20_Training_132;Coronal;True;0.06513570706807137;16911.0;9335.0
BraTS20_Training_132;Axial;True;0.1265111793324361;12237.5;8793.5
BraTS20_Training_132;Sagittal;True;0.13672943596086828;16571.5;10311.5
BraTS20_Training_133;Coronal;False;0.0;0.0;0.0
BraTS20_Training_133;Axial;False;0.0;0.0;0.0
BraTS20_Training_133;Sagittal;False;0.0;0.0;0.0
BraTS20_Training_134;Coronal;False;0.0;0.0;0.0
BraTS20_Training_134;Axial;True;2.4275631517348204;17291.5;4454.5
BraTS20_Training_134;Sagittal;False;0.0;0.0;0.0
BraTS20_Training_135;Coronal;False;0.0;0.0;0.0
BraTS20_Training_135;Axial;False;0.0;0.0;0.0
BraTS20_Training_135;Sagittal;False;0.0;0.0;0.0
BraTS20_Training_136;Coronal;True;0.5766855768855297;14504.5;4466.5
BraTS20_Training_136;Axial;True;0.7264993289459402;17425.0;2428.0
BraTS20_Training_136;Sagittal;False;0.0;0.0;0.0
BraTS20_Training_137;Coronal;True;0.13038626971612893;23608.0;15960.0
BraTS20_Training_137;Axial;True;0.032252977287427154;20996.5;17958.5
BraTS20_Training_137;Sagittal;True;1.1389308956296236;27826.5;13316.5
BraTS20_Training_138;Coronal;True;0.1251561819835209;29614.0;10684.0
BraTS20_Training_138;Axial;True;0.06524496787359527;29190.5;10668.5
BraTS20_Training_138;Sagittal;True;0.2768390961545648;38273.0;14189.0
BraTS20_Training_139;Coronal;True;0.20238443308809279;6205.0;6181.5
BraTS20_Training_139;Axial;True;0.3875350820534798;4714.0;2252.0
BraTS20_Training_139;Sagittal;True;0.06242863469152263;6357.0;4908.5
BraTS20_Training_140;Coronal;True;0.052673665173316286;21749.0;14942.0
BraTS20_Training_140;Axial;True;0.07823419882106636;13489.5;11390.0
BraTS20_Training_140;Sagittal;True;0.11128922061561966;27796.0;19637.5
BraTS20_Training_141;Coronal;False;0.0;0.0;0.0
BraTS20_Training_141;Axial;False;0.0;0.0;0.0
BraTS20_Training_141;Sagittal;False;0.0;0.0;0.0
BraTS20_Training_142;Coronal;True;0.11645694405416421;9000.5;4046.0
BraTS20_Training_142;Axial;True;0.03687968715034917;5683.5;3143.5
BraTS20_Training_142;Sagittal;True;0.043855929326096776;9635.5;3807.0
BraTS20_Training_143;Coronal;True;0.12180486865204132;43318.5;36178.5
BraTS20_Training_143;Axial;True;0.5602551524442283;32097.0;19084.0
BraTS20_Training_143;Sagittal;False;0.0;0.0;0.0
BraTS20_Training_144;Coronal;True;0.1119066667137919;32293.0;23520.0
BraTS20_Training_144;Axial;True;0.3297768671278063;25746.5;7508.0
BraTS20_Training_144;Sagittal;True;0.10555387492798879;33228.5;15113.0
BraTS20_Training_145;Coronal;True;0.07721100359811289;18021.5;11658.0
BraTS20_Training_145;Axial;True;0.10383014534518067;15075.5;12175.0
BraTS20_Training_145;Sagittal;True;0.07115021368463398;19737.5;14874.0
BraTS20_Training_146;Coronal;True;0.04854508842361463;18092.5;12884.0
BraTS20_Training_146;Axial;True;0.01182727511974363;14368.5;10399.0
BraTS20_Training_146;Sagittal;True;0.07418715405976684;21521.0;15892.0
BraTS20_Training_147;Coronal;False;0.0;0.0;0.0
BraTS20_Training_147;Axial;False;0.0;0.0;0.0
BraTS20_Training_147;Sagittal;False;0.0;0.0;0.0
BraTS20_Training_148;Coronal;False;0.0;0.0;0.0
BraTS20_Training_148;Axial;False;0.0;0.0;0.0
BraTS20_Training_148;Sagittal;False;0.0;0.0;0.0
BraTS20_Training_149;Coronal;False;0.0;0.0;0.0
BraTS20_Training_149;Axial;False;0.0;0.0;0.0
BraTS20_Training_149;Sagittal;False;0.0;0.0;0.0
BraTS20_Training_150;Coronal;True;0.3021235118329466;23420.0;11074.5
BraTS20_Training_150;Axial;True;0.20260296544935716;32299.5;10248.0
BraTS20_Training_150;Sagittal;True;0.5864767614344129;29646.0;10751.5
BraTS20_Training_151;Coronal;False;0.0;0.0;0.0
BraTS20_Training_151;Axial;True;0.09312455441360049;18598.5;13372.5
BraTS20_Training_151;Sagittal;False;0.0;0.0;0.0
BraTS20_Training_152;Coronal;True;0.4768184611840794;22285.0;6595.0
BraTS20_Training_152;Axial;True;0.06411642771756149;14752.0;12185.0
BraTS20_Training_152;Sagittal;True;0.1521573992359304;31102.0;9841.5
BraTS20_Training_153;Coronal;True;0.1915508309081782;10492.5;7527.5
BraTS20_Training_153;Axial;True;0.0438704966299997;5623.0;4523.0
BraTS20_Training_153;Sagittal;True;0.2067348335554091;10894.5;7244.0
BraTS20_Training_154;Coronal;True;1.2169403346597976;22971.5;39882.5
BraTS20_Training_154;Axial;True;3.745068325486905;18668.0;11013.0
BraTS20_Training_154;Sagittal;True;0.04636789601282146;35213.0;32172.5
BraTS20_Training_155;Coronal;True;0.3186264180377941;24500.5;6468.5
BraTS20_Training_155;Axial;True;0.4929152046631703;13297.5;3525.0
BraTS20_Training_155;Sagittal;True;0.5151079999649161;28920.0;13216.0
BraTS20_Training_156;Coronal;True;0.6071102659746452;23235.0;10911.5
BraTS20_Training_156;Axial;True;0.16342085415783547;14878.0;10394.0
BraTS20_Training_156;Sagittal;True;0.42913214648708675;28787.5;16120.5
BraTS20_Training_157;Coronal;False;0.0;0.0;0.0
BraTS20_Training_157;Axial;True;1.3033092333969307;26148.0;3054.0
BraTS20_Training_157;Sagittal;False;0.0;0.0;0.0
BraTS20_Training_158;Coronal;False;0.0;0.0;0.0
BraTS20_Training_158;Axial;False;0.0;0.0;0.0
BraTS20_Training_158;Sagittal;False;0.0;0.0;0.0
BraTS20_Training_159;Coronal;False;0.0;0.0;0.0
BraTS20_Training_159;Axial;False;0.0;0.0;0.0
BraTS20_Training_159;Sagittal;False;0.0;0.0;0.0
BraTS20_Training_160;Coronal;False;0.0;0.0;0.0
BraTS20_Training_160;Axial;False;0.0;0.0;0.0
BraTS20_Training_160;Sagittal;False;0.0;0.0;0.0
BraTS20_Training_161;Coronal;True;0.29974154022941907;11953.5;6634.0
BraTS20_Training_161;Axial;True;0.03304281060094755;10081.5;9096.0
BraTS20_Training_161;Sagittal;True;0.446804048843829;15770.0;9080.0
BraTS20_Training_162;Coronal;True;0.25721905798389477;27834.0;12589.5
BraTS20_Training_162;Axial;True;0.05608183785309789;14056.5;10163.5
BraTS20_Training_162;Sagittal;True;0.07186487347189674;27360.0;11133.0
BraTS20_Training_163;Coronal;False;0.0;0.0;0.0
BraTS20_Training_163;Axial;True;0.8244496396973569;23910.0;13752.5
BraTS20_Training_163;Sagittal;True;1.1357021682526813;36695.5;9510.5
BraTS20_Training_164;Coronal;False;0.0;0.0;0.0
BraTS20_Training_164;Axial;True;0.04880825110979847;21319.0;10934.0
BraTS20_Training_164;Sagittal;False;0.0;0.0;0.0
BraTS20_Training_165;Coronal;True;0.2651309991024551;30808.0;11333.5
BraTS20_Training_165;Axial;False;0.0;0.0;0.0
BraTS20_Training_165;Sagittal;True;0.20665390341907636;28380.0;12023.5
BraTS20_Training_166;Coronal;True;0.48559110509660025;28916.5;8269.5
BraTS20_Training_166;Axial;True;0.9657887371669933;19167.5;11738.5
BraTS20_Training_166;Sagittal;True;0.2236418188438204;44944.5;15431.5
BraTS20_Training_167;Coronal;False;0.0;0.0;0.0
BraTS20_Training_167;Axial;True;0.37489511074160053;12997.0;3915.5
BraTS20_Training_167;Sagittal;False;0.0;0.0;0.0
BraTS20_Training_168;Coronal;True;0.6466743827582269;40025.0;3575.5
BraTS20_Training_168;Axial;True;0.15270306309583653;28167.0;15559.0
BraTS20_Training_168;Sagittal;False;0.0;0.0;0.0
BraTS20_Training_169;Coronal;True;0.35777620310433333;15641.0;9734.0
BraTS20_Training_169;Axial;True;0.057817479258478965;14859.5;11448.0
BraTS20_Training_169;Sagittal;True;0.0683220511444694;24367.5;17469.0
BraTS20_Training_170;Coronal;True;1.01430108937747;15291.0;6636.5
BraTS20_Training_170;Axial;True;0.2677782095287951;10060.0;6720.0
BraTS20_Training_170;Sagittal;True;0.44026497044348845;16025.0;7027.0
BraTS20_Training_171;Coronal;True;1.4443405587421472;30506.0;11699.5
BraTS20_Training_171;Axial;True;1.2890240390398733;21324.0;6812.5
BraTS20_Training_171;Sagittal;True;0.2764065501112928;34405.0;9091.5
BraTS20_Training_172;Coronal;True;0.10204959253239876;8886.0;8108.5
BraTS20_Training_172;Axial;True;0.07443412279944614;6540.5;5066.5
BraTS20_Training_172;Sagittal;True;0.21500320016358782;15654.0;9815.0
BraTS20_Training_173;Coronal;True;11.689300539654472;18272.5;10165.5
BraTS20_Training_173;Axial;True;0.7123355995921814;13712.0;4418.0
BraTS20_Training_173;Sagittal;True;0.5919169449950826;23159.5;6166.0
BraTS20_Training_174;Coronal;True;0.37830509803428153;25374.5;11965.5
BraTS20_Training_174;Axial;True;0.10459668940794342;9901.0;5504.0
BraTS20_Training_174;Sagittal;True;0.3771703654044599;17536.0;7866.5
BraTS20_Training_175;Coronal;False;0.0;0.0;0.0
BraTS20_Training_175;Axial;False;0.0;0.0;0.0
BraTS20_Training_175;Sagittal;False;0.0;0.0;0.0
BraTS20_Training_176;Coronal;False;0.0;0.0;0.0
BraTS20_Training_176;Axial;False;0.0;0.0;0.0
BraTS20_Training_176;Sagittal;False;0.0;0.0;0.0
BraTS20_Training_177;Coronal;True;0.23640604202894286;1992.5;1658.5
BraTS20_Training_177;Axial;False;0.0;0.0;0.0
BraTS20_Training_177;Sagittal;True;0.20466532841559668;2496.5;1822.0
BraTS20_Training_178;Coronal;True;0.11671614943526548;27126.0;20016.0
BraTS20_Training_178;Axial;True;0.07394081383991305;19699.5;13400.5
BraTS20_Training_178;Sagittal;True;0.5362085259405794;38760.0;18462.0
BraTS20_Training_179;Coronal;True;0.8809112722325645;21903.5;8798.5
BraTS20_Training_179;Axial;True;0.6929869206920267;16577.5;6018.5
BraTS20_Training_179;Sagittal;False;0.0;0.0;0.0
BraTS20_Training_180;Coronal;True;0.28059316197265227;33447.5;14742.0
BraTS20_Training_180;Axial;True;0.44433270656030033;34796.5;16631.5
BraTS20_Training_180;Sagittal;True;0.6528848494427171;47677.0;18194.5
BraTS20_Training_181;Coronal;False;0.0;0.0;0.0
BraTS20_Training_181;Axial;True;0.4845042817234248;13378.5;6861.5
BraTS20_Training_181;Sagittal;False;0.0;0.0;0.0
BraTS20_Training_182;Coronal;True;2.3438886465316444;11543.5;2182.5
BraTS20_Training_182;Axial;True;0.1380968836976948;6910.0;3554.0
BraTS20_Training_182;Sagittal;True;0.3860359515464895;10601.5;5131.0
BraTS20_Training_183;Coronal;True;0.11884000774584708;42292.0;15647.0
BraTS20_Training_183;Axial;True;0.04195046193746316;15987.5;11403.5
BraTS20_Training_183;Sagittal;True;0.6070662848030698;31120.0;9146.0
BraTS20_Training_184;Coronal;True;0.08525782968457515;22331.0;18436.5
BraTS20_Training_184;Axial;True;0.047465791334260765;11745.5;9279.0
BraTS20_Training_184;Sagittal;True;0.17252015053651476;28554.0;14067.0
BraTS20_Training_185;Coronal;True;0.736751628504944;28179.5;7152.0
BraTS20_Training_185;Axial;False;0.0;0.0;0.0
BraTS20_Training_185;Sagittal;True;0.42821610960039685;36166.5;9683.5
BraTS20_Training_186;Coronal;True;0.22000488270971238;32061.5;22317.5
BraTS20_Training_186;Axial;True;0.7093686887832115;20628.5;10059.5
BraTS20_Training_186;Sagittal;True;0.11931055536310453;36349.0;15959.5
BraTS20_Training_187;Coronal;True;6.571058282914862;24168.0;27495.5
BraTS20_Training_187;Axial;True;0.3022411073370292;19380.0;14455.5
BraTS20_Training_187;Sagittal;True;0.839004342904343;30503.0;11957.5
BraTS20_Training_188;Coronal;False;0.0;0.0;0.0
BraTS20_Training_188;Axial;False;0.0;0.0;0.0
BraTS20_Training_188;Sagittal;True;0.12439643300437059;8978.5;4384.0
BraTS20_Training_189;Coronal;True;0.07772882810548787;16182.0;12529.5
BraTS20_Training_189;Axial;True;0.1760214001357371;13264.5;8037.0
BraTS20_Training_189;Sagittal;True;0.09819296919182474;18543.5;16432.5
BraTS20_Training_190;Coronal;True;0.007942476133700721;9482.0;4574.5
BraTS20_Training_190;Axial;True;1.6980705431936955;5736.5;4618.0
BraTS20_Training_190;Sagittal;False;0.0;0.0;0.0
BraTS20_Training_191;Coronal;True;1.5584143472606238;38214.5;15386.0
BraTS20_Training_191;Axial;False;0.0;0.0;0.0
BraTS20_Training_191;Sagittal;True;0.4058716735834266;58228.0;9098.5
BraTS20_Training_192;Coronal;True;0.15889068880000107;19938.5;16489.0
BraTS20_Training_192;Axial;True;0.09492036928922806;11380.5;10266.0
BraTS20_Training_192;Sagittal;True;0.04941120847287378;23444.0;18141.5
BraTS20_Training_193;Coronal;False;0.0;0.0;0.0
BraTS20_Training_193;Axial;True;0.3775193252162346;18167.0;10693.0
BraTS20_Training_193;Sagittal;True;0.8821674945208385;26969.5;7228.5
BraTS20_Training_194;Coronal;True;0.043622062564658864;26620.5;21438.5
BraTS20_Training_194;Axial;True;0.03651634063295445;24186.0;20469.5
BraTS20_Training_194;Sagittal;False;0.0;0.0;0.0
BraTS20_Training_195;Coronal;True;0.03903022093864156;15947.5;12493.5
BraTS20_Training_195;Axial;True;0.030857783292883745;14401.5;10565.5
BraTS20_Training_195;Sagittal;True;1.6909684646238776;21323.5;2872.5
BraTS20_Training_196;Coronal;True;0.7325028844063352;21818.0;11100.5
BraTS20_Training_196;Axial;True;0.13730022752249516;18227.0;12958.5
BraTS20_Training_196;Sagittal;True;1.1830789838998332;25271.0;4594.0
BraTS20_Training_197;Coronal;True;0.7052052613755821;28689.0;12921.0
BraTS20_Training_197;Axial;True;0.6070552160198656;22311.0;8173.5
BraTS20_Training_197;Sagittal;True;0.3216135855400587;38610.5;11230.0
BraTS20_Training_198;Coronal;False;0.0;0.0;0.0
BraTS20_Training_198;Axial;True;0.15254355784643622;18223.5;14422.0
BraTS20_Training_198;Sagittal;False;0.0;0.0;0.0
BraTS20_Training_199;Coronal;True;0.13289343355104222;21197.5;9102.0
BraTS20_Training_199;Axial;True;0.12679880064082333;12859.0;8371.0
BraTS20_Training_199;Sagittal;True;0.277223656764443;35353.0;13855.5
BraTS20_Training_200;Coronal;True;0.20453919096167217;6026.5;3893.5
BraTS20_Training_200;Axial;True;0.08068202512373374;3813.0;2244.5
BraTS20_Training_200;Sagittal;True;0.17216701598131784;6699.0;4441.0
BraTS20_Training_201;Coronal;True;0.05592486419116366;19799.5;12934.0
BraTS20_Training_201;Axial;True;0.06773109307997893;14487.5;10246.5
BraTS20_Training_201;Sagittal;True;2.1803740138720453;26418.0;27705.5
BraTS20_Training_202;Coronal;True;0.2032238318239561;22791.0;17231.0
BraTS20_Training_202;Axial;True;0.04312353662530233;14498.0;12098.0
BraTS20_Training_202;Sagittal;True;0.05833686090904194;28450.5;18898.0
BraTS20_Training_203;Coronal;True;0.43039748702768604;10550.0;7811.0
BraTS20_Training_203;Axial;True;0.20032762285917677;7677.5;5688.5
BraTS20_Training_203;Sagittal;True;0.41028472832937457;13391.0;8739.5
BraTS20_Training_204;Coronal;True;2.1537953198465765;11440.0;8521.5
BraTS20_Training_204;Axial;True;0.09893641852911433;9988.0;5842.0
BraTS20_Training_204;Sagittal;True;0.1845527796776817;13255.0;4436.0
BraTS20_Training_205;Coronal;True;0.05291031647370348;5844.0;4482.0
BraTS20_Training_205;Axial;True;0.03936139280374498;3317.5;3318.0
BraTS20_Training_205;Sagittal;True;0.047914097483011925;5027.5;4009.0
BraTS20_Training_206;Coronal;True;0.2490991177728074;10686.0;9318.0
BraTS20_Training_206;Axial;True;0.2853627254232546;4769.5;3292.5
BraTS20_Training_206;Sagittal;True;0.10613222043863094;5163.5;3685.5
BraTS20_Training_207;Coronal;False;0.0;0.0;0.0
BraTS20_Training_207;Axial;True;0.2557634463627823;18698.5;2940.5
BraTS20_Training_207;Sagittal;True;0.6767293223474221;29326.0;7002.0
BraTS20_Training_208;Coronal;False;0.0;0.0;0.0
BraTS20_Training_208;Axial;True;0.25960871208973435;22485.5;7956.5
BraTS20_Training_208;Sagittal;True;0.5447781754329111;38823.5;9625.5
BraTS20_Training_209;Coronal;True;0.11968975975004023;18936.5;16610.0
BraTS20_Training_209;Axial;True;0.10563292527451562;18223.0;16244.5
BraTS20_Training_209;Sagittal;True;1.9651176583881207;25835.5;11377.5
BraTS20_Training_210;Coronal;True;0.11936754029016194;25402.5;16593.0
BraTS20_Training_210;Axial;True;0.5240300126516662;21740.0;12718.5
BraTS20_Training_210;Sagittal;True;0.08550630098624468;33705.0;21551.0
BraTS20_Training_211;Coronal;False;0.0;0.0;0.0
BraTS20_Training_211;Axial;True;0.03950365313929205;11280.0;10214.0
BraTS20_Training_211;Sagittal;True;0.5094323725580816;19068.0;9713.0
BraTS20_Training_212;Coronal;False;0.0;0.0;0.0
BraTS20_Training_212;Axial;False;0.0;0.0;0.0
BraTS20_Training_212;Sagittal;True;2.511484660408804;51215.5;7253.5
BraTS20_Training_213;Coronal;True;0.07157868755196972;15496.0;13170.0
BraTS20_Training_213;Axial;True;0.36588846008750214;11257.0;6783.5
BraTS20_Training_213;Sagittal;True;0.39100793258821315;16925.0;8563.0
BraTS20_Training_214;Coronal;True;0.03654893154141675;20825.5;11643.0
BraTS20_Training_214;Axial;True;0.5303163824274153;18343.5;8756.0
BraTS20_Training_214;Sagittal;True;0.12923899885328305;19874.5;9380.5
BraTS20_Training_215;Coronal;True;1.2142210352138294;15969.0;24398.5
BraTS20_Training_215;Axial;True;0.0770988821083271;15361.5;10344.0
BraTS20_Training_215;Sagittal;False;0.0;0.0;0.0
BraTS20_Training_216;Coronal;True;1.0843757937541818;18668.0;6848.0
BraTS20_Training_216;Axial;True;1.3398327469187663;17052.5;6376.0
BraTS20_Training_216;Sagittal;True;0.9290759252083357;25818.5;13963.5
BraTS20_Training_217;Coronal;True;0.1578918881409801;12339.0;8569.0
BraTS20_Training_217;Axial;True;0.413074513599982;7186.5;3026.5
BraTS20_Training_217;Sagittal;True;0.1742721552196702;9773.0;4401.0
BraTS20_Training_218;Coronal;True;0.13497288955298234;32501.5;8028.5
BraTS20_Training_218;Axial;True;0.44683184647999846;27753.0;12355.0
BraTS20_Training_218;Sagittal;True;0.22363469370481664;41477.5;8892.0
BraTS20_Training_219;Coronal;True;0.29375241369833627;14360.0;8342.5
BraTS20_Training_219;Axial;True;1.1222617159351265;9993.0;3420.5
BraTS20_Training_219;Sagittal;True;0.10883544479207799;16449.5;10843.5
BraTS20_Training_220;Coronal;True;2.60158186019608;14127.0;14556.0
BraTS20_Training_220;Axial;True;0.11958853911134984;14222.0;4654.0
BraTS20_Training_220;Sagittal;True;0.12786647207023807;24224.5;4072.5
BraTS20_Training_221;Coronal;True;0.078831688458872;36389.5;8517.5
BraTS20_Training_221;Axial;True;0.026403351667298403;32799.0;10361.5
BraTS20_Training_221;Sagittal;False;0.0;0.0;0.0
BraTS20_Training_222;Coronal;True;0.3762020841052066;9338.0;2003.0
BraTS20_Training_222;Axial;True;0.18125459466222127;5670.0;3172.5
BraTS20_Training_222;Sagittal;True;0.2549028626062379;14412.5;3816.0
BraTS20_Training_223;Coronal;True;0.13955421230014697;20431.5;13295.5
BraTS20_Training_223;Axial;True;0.05363882348260057;11732.0;7556.0
BraTS20_Training_223;Sagittal;True;0.10882889760852188;31781.5;13543.0
BraTS20_Training_224;Coronal;False;0.0;0.0;0.0
BraTS20_Training_224;Axial;False;0.0;0.0;0.0
BraTS20_Training_224;Sagittal;True;8.170240868778661;46200.5;8779.0
BraTS20_Training_225;Coronal;True;0.25404421064347177;42351.0;24139.0
BraTS20_Training_225;Axial;True;0.13444404528616974;37892.0;19020.0
BraTS20_Training_225;Sagittal;True;0.039721988022020954;74078.5;38932.5
BraTS20_Training_226;Coronal;True;0.04229874582437679;22990.0;12697.0
BraTS20_Training_226;Axial;True;0.40373738356904854;19084.0;15631.5
BraTS20_Training_226;Sagittal;True;0.23393479830760075;29176.0;11273.0
BraTS20_Training_227;Coronal;False;0.0;0.0;0.0
BraTS20_Training_227;Axial;True;0.1623855219353209;4223.0;512.0
BraTS20_Training_227;Sagittal;True;0.18921523206587265;7540.0;2099.5
BraTS20_Training_228;Coronal;True;0.12449729713592228;10634.0;7051.0
BraTS20_Training_228;Axial;True;0.280494276675367;7137.5;5201.0
BraTS20_Training_228;Sagittal;True;0.38690478501408065;11277.5;6121.0
BraTS20_Training_229;Coronal;True;3.051494477849847;17278.5;22754.5
BraTS20_Training_229;Axial;True;0.2682667493832118;14188.5;10898.5
BraTS20_Training_229;Sagittal;False;0.0;0.0;0.0
BraTS20_Training_230;Coronal;True;0.20132588726309755;23558.5;9715.0
BraTS20_Training_230;Axial;True;0.0606331456770034;7050.0;4944.0
BraTS20_Training_230;Sagittal;True;0.1644787512630002;12718.5;7445.5
BraTS20_Training_231;Coronal;True;0.18641253441673972;35823.0;12069.0
BraTS20_Training_231;Axial;True;0.160265873064112;16649.0;11364.0
BraTS20_Training_231;Sagittal;True;0.3015053504123181;34254.0;12465.0
BraTS20_Training_232;Coronal;False;0.0;0.0;0.0
BraTS20_Training_232;Axial;False;0.0;0.0;0.0
BraTS20_Training_232;Sagittal;False;0.0;0.0;0.0
BraTS20_Training_233;Coronal;True;0.6905227560523263;8449.5;1011.5
BraTS20_Training_233;Axial;True;0.5209140691981187;1884.0;968.0
BraTS20_Training_233;Sagittal;False;0.0;0.0;0.0
BraTS20_Training_234;Coronal;False;0.0;0.0;0.0
BraTS20_Training_234;Axial;False;0.0;0.0;0.0
BraTS20_Training_234;Sagittal;False;0.0;0.0;0.0
BraTS20_Training_235;Coronal;True;0.5124031054718757;44428.0;8047.0
BraTS20_Training_235;Axial;True;0.7780702274945366;31037.5;15562.0
BraTS20_Training_235;Sagittal;False;0.0;0.0;0.0
BraTS20_Training_236;Coronal;False;0.0;0.0;0.0
BraTS20_Training_236;Axial;True;0.4558598034469937;18239.5;3796.5
BraTS20_Training_236;Sagittal;False;0.0;0.0;0.0
BraTS20_Training_237;Coronal;False;0.0;0.0;0.0
BraTS20_Training_237;Axial;False;0.0;0.0;0.0
BraTS20_Training_237;Sagittal;True;0.2605989957641319;22335.5;2606.5
BraTS20_Training_238;Coronal;False;0.0;0.0;0.0
BraTS20_Training_238;Axial;True;0.03475192301140739;28852.5;24601.0
BraTS20_Training_238;Sagittal;True;3.459390039259541;51708.5;807.5
BraTS20_Training_239;Coronal;False;0.0;0.0;0.0
BraTS20_Training_239;Axial;False;0.0;0.0;0.0
BraTS20_Training_239;Sagittal;False;0.0;0.0;0.0
BraTS20_Training_240;Coronal;False;0.0;0.0;0.0
BraTS20_Training_240;Axial;False;0.0;0.0;0.0
BraTS20_Training_240;Sagittal;True;1.3480301104909922;25287.5;2333.5
BraTS20_Training_241;Coronal;False;0.0;0.0;0.0
BraTS20_Training_241;Axial;True;0.4516121776883444;20974.5;9269.0
BraTS20_Training_241;Sagittal;False;0.0;0.0;0.0
BraTS20_Training_242;Coronal;False;0.0;0.0;0.0
BraTS20_Training_242;Axial;True;0.23355096975707446;14792.0;7101.0
BraTS20_Training_242;Sagittal;False;0.0;0.0;0.0
BraTS20_Training_243;Coronal;True;0.8715825468016489;16276.0;6619.0
BraTS20_Training_243;Axial;True;1.5664650780094336;11753.0;5508.0
BraTS20_Training_243;Sagittal;True;0.3796005055452684;16275.5;7259.0
BraTS20_Training_244;Coronal;True;0.1304525256183489;25645.5;15846.0
BraTS20_Training_244;Axial;True;0.16406713786238672;20214.0;13374.0
BraTS20_Training_244;Sagittal;True;0.47709421133505625;33965.0;15155.0
BraTS20_Training_245;Coronal;False;0.0;0.0;0.0
BraTS20_Training_245;Axial;True;0.16438687401750213;33506.5;10426.5
BraTS20_Training_245;Sagittal;False;0.0;0.0;0.0
BraTS20_Training_246;Coronal;False;0.0;0.0;0.0
BraTS20_Training_246;Axial;True;0.452229460008229;18587.5;10937.5
BraTS20_Training_246;Sagittal;True;1.0398971750505077;26929.5;7086.5
BraTS20_Training_247;Coronal;True;0.26404058175843115;32476.0;16287.0
BraTS20_Training_247;Axial;True;1.0502495146507436;23946.0;8343.0
BraTS20_Training_247;Sagittal;False;0.0;0.0;0.0
BraTS20_Training_248;Coronal;True;0.8152509263227665;26761.0;8525.5
BraTS20_Training_248;Axial;True;0.12357417630501033;18068.0;14249.5
BraTS20_Training_248;Sagittal;True;0.26273862454805613;36574.5;24235.0
BraTS20_Training_249;Coronal;True;0.47663127018827073;20346.0;7656.0
BraTS20_Training_249;Axial;True;0.08867056591908543;18326.5;6576.5
BraTS20_Training_249;Sagittal;True;0.16329769051741405;14922.0;7782.5
BraTS20_Training_250;Coronal;True;0.5494874088296176;5013.5;2409.0
BraTS20_Training_250;Axial;True;0.22993294949221105;4323.0;1466.0
BraTS20_Training_250;Sagittal;False;0.0;0.0;0.0
BraTS20_Training_251;Coronal;True;0.23909679863504413;24694.0;11864.5
BraTS20_Training_251;Axial;True;0.23941211967622344;10232.0;5846.5
BraTS20_Training_251;Sagittal;True;0.07039469998349551;14780.5;8557.5
BraTS20_Training_252;Coronal;True;0.4222814385654647;31041.5;13976.0
BraTS20_Training_252;Axial;False;0.0;0.0;0.0
BraTS20_Training_252;Sagittal;True;0.5337463924347483;32086.0;14837.0
BraTS20_Training_253;Coronal;True;0.3622864816295529;15406.5;6865.0
BraTS20_Training_253;Axial;True;0.1886003735429178;11543.0;7853.5
BraTS20_Training_253;Sagittal;True;0.4695402216039335;19927.5;7899.5
BraTS20_Training_254;Coronal;True;0.13313353046614307;27360.0;16356.0
BraTS20_Training_254;Axial;True;0.3348741049349275;32367.0;8454.0
BraTS20_Training_254;Sagittal;True;2.3630938178267353;39481.0;37712.5
BraTS20_Training_255;Coronal;False;0.0;0.0;0.0
BraTS20_Training_255;Axial;True;0.07048794443294809;28697.5;23692.5
BraTS20_Training_255;Sagittal;True;0.0890111201348896;45477.0;33006.0
BraTS20_Training_256;Coronal;False;0.0;0.0;0.0
BraTS20_Training_256;Axial;False;0.0;0.0;0.0
BraTS20_Training_256;Sagittal;True;0.7214896365149361;45669.5;14019.5
BraTS20_Training_257;Coronal;True;14.201527815988975;9722.0;9890.0
BraTS20_Training_257;Axial;True;0.04614042008125219;5165.0;4459.5
BraTS20_Training_257;Sagittal;True;0.11575526870412828;11629.0;6530.0
BraTS20_Training_258;Coronal;True;2.4390636648285597;25903.5;10057.0
BraTS20_Training_258;Axial;True;0.6974141334396244;19318.0;11755.0
BraTS20_Training_258;Sagittal;True;1.2102172667193245;26772.5;11593.5
BraTS20_Training_259;Coronal;True;0.2924549181795483;13271.0;5386.5
BraTS20_Training_259;Axial;True;0.5156694582090668;8428.5;3801.5
BraTS20_Training_259;Sagittal;False;0.0;0.0;0.0
BraTS20_Training_260;Coronal;False;0.0;0.0;0.0
BraTS20_Training_260;Axial;False;0.0;0.0;0.0
BraTS20_Training_260;Sagittal;False;0.0;0.0;0.0
BraTS20_Training_261;Coronal;False;0.0;0.0;0.0
BraTS20_Training_261;Axial;False;0.0;0.0;0.0
BraTS20_Training_261;Sagittal;False;0.0;0.0;0.0
BraTS20_Training_262;Coronal;False;0.0;0.0;0.0
BraTS20_Training_262;Axial;False;0.0;0.0;0.0
BraTS20_Training_262;Sagittal;False;0.0;0.0;0.0
BraTS20_Training_263;Coronal;False;0.0;0.0;0.0
BraTS20_Training_263;Axial;False;0.0;0.0;0.0
BraTS20_Training_263;Sagittal;False;0.0;0.0;0.0
BraTS20_Training_264;Coronal;False;0.0;0.0;0.0
BraTS20_Training_264;Axial;False;0.0;0.0;0.0
BraTS20_Training_264;Sagittal;False;0.0;0.0;0.0
BraTS20_Training_265;Coronal;False;0.0;0.0;0.0
BraTS20_Training_265;Axial;False;0.0;0.0;0.0
BraTS20_Training_265;Sagittal;False;0.0;0.0;0.0
BraTS20_Training_266;Coronal;False;0.0;0.0;0.0
BraTS20_Training_266;Axial;False;0.0;0.0;0.0
BraTS20_Training_266;Sagittal;False;0.0;0.0;0.0
BraTS20_Training_267;Coronal;False;0.0;0.0;0.0
BraTS20_Training_267;Axial;False;0.0;0.0;0.0
BraTS20_Training_267;Sagittal;False;0.0;0.0;0.0
BraTS20_Training_268;Coronal;False;0.0;0.0;0.0
BraTS20_Training_268;Axial;False;0.0;0.0;0.0
BraTS20_Training_268;Sagittal;False;0.0;0.0;0.0
BraTS20_Training_269;Coronal;False;0.0;0.0;0.0
BraTS20_Training_269;Axial;False;0.0;0.0;0.0
BraTS20_Training_269;Sagittal;False;0.0;0.0;0.0
BraTS20_Training_270;Coronal;True;0.35313762877683774;34207.5;10888.5
BraTS20_Training_270;Axial;True;0.14148053210495748;24305.0;12167.0
BraTS20_Training_270;Sagittal;True;0.4098453990084526;53126.5;18515.0
BraTS20_Training_271;Coronal;False;0.0;0.0;0.0
BraTS20_Training_271;Axial;False;0.0;0.0;0.0
BraTS20_Training_271;Sagittal;False;0.0;0.0;0.0
BraTS20_Training_272;Coronal;False;0.0;0.0;0.0
BraTS20_Training_272;Axial;False;0.0;0.0;0.0
BraTS20_Training_272;Sagittal;False;0.0;0.0;0.0
BraTS20_Training_273;Coronal;False;0.0;0.0;0.0
BraTS20_Training_273;Axial;False;0.0;0.0;0.0
BraTS20_Training_273;Sagittal;False;0.0;0.0;0.0
BraTS20_Training_274;Coronal;False;0.0;0.0;0.0
BraTS20_Training_274;Axial;False;0.0;0.0;0.0
BraTS20_Training_274;Sagittal;False;0.0;0.0;0.0
BraTS20_Training_275;Coronal;False;0.0;0.0;0.0
BraTS20_Training_275;Axial;False;0.0;0.0;0.0
BraTS20_Training_275;Sagittal;False;0.0;0.0;0.0
BraTS20_Training_276;Coronal;True;0.19710550432116614;5421.5;3774.0
BraTS20_Training_276;Axial;True;0.08167746490978522;2935.0;2182.5
BraTS20_Training_276;Sagittal;True;0.18593266582594317;5557.5;3007.0
BraTS20_Training_277;Coronal;True;0.16875874663173396;3543.5;2098.0
BraTS20_Training_277;Axial;True;0.18811327536896405;2707.5;1160.5
BraTS20_Training_277;Sagittal;True;0.4393647371716716;3679.5;1946.5
BraTS20_Training_278;Coronal;False;0.0;0.0;0.0
BraTS20_Training_278;Axial;False;0.0;0.0;0.0
BraTS20_Training_278;Sagittal;False;0.0;0.0;0.0
BraTS20_Training_279;Coronal;False;0.0;0.0;0.0
BraTS20_Training_279;Axial;False;0.0;0.0;0.0
BraTS20_Training_279;Sagittal;False;0.0;0.0;0.0
BraTS20_Training_280;Coronal;True;0.09285927950637646;2235.5;1657.5
BraTS20_Training_280;Axial;True;0.16878912149081482;1136.0;581.5
BraTS20_Training_280;Sagittal;True;0.18333037649046463;1774.0;901.5
BraTS20_Training_281;Coronal;False;0.0;0.0;0.0
BraTS20_Training_281;Axial;False;0.0;0.0;0.0
BraTS20_Training_281;Sagittal;False;0.0;0.0;0.0
BraTS20_Training_282;Coronal;True;0.3977370684098793;9093.5;585.5
BraTS20_Training_282;Axial;True;0.4474322089587778;8780.5;1705.5
BraTS20_Training_282;Sagittal;True;0.06403102418096232;10719.0;2234.5
BraTS20_Training_283;Coronal;False;0.0;0.0;0.0
BraTS20_Training_283;Axial;False;0.0;0.0;0.0
BraTS20_Training_283;Sagittal;False;0.0;0.0;0.0
BraTS20_Training_284;Coronal;False;0.0;0.0;0.0
BraTS20_Training_284;Axial;False;0.0;0.0;0.0
BraTS20_Training_284;Sagittal;False;0.0;0.0;0.0
BraTS20_Training_285;Coronal;False;0.0;0.0;0.0
BraTS20_Training_285;Axial;False;0.0;0.0;0.0
BraTS20_Training_285;Sagittal;False;0.0;0.0;0.0
BraTS20_Training_286;Coronal;False;0.0;0.0;0.0
BraTS20_Training_286;Axial;False;0.0;0.0;0.0
BraTS20_Training_286;Sagittal;False;0.0;0.0;0.0
BraTS20_Training_287;Coronal;False;0.0;0.0;0.0
BraTS20_Training_287;Axial;False;0.0;0.0;0.0
BraTS20_Training_287;Sagittal;False;0.0;0.0;0.0
BraTS20_Training_288;Coronal;True;0.46692560924340276;21021.5;5883.5
BraTS20_Training_288;Axial;True;0.05004191159919802;17195.5;11129.5
BraTS20_Training_288;Sagittal;True;0.19703084277170232;21885.5;10984.5
BraTS20_Training_289;Coronal;True;0.22168278670377883;25536.0;7607.5
BraTS20_Training_289;Axial;False;0.0;0.0;0.0
BraTS20_Training_289;Sagittal;False;0.0;0.0;0.0
BraTS20_Training_290;Coronal;True;38.37837160178945;6757.5;20252.5
BraTS20_Training_290;Axial;True;0.0975761673157664;4144.5;2714.5
BraTS20_Training_290;Sagittal;True;0.2867336925026376;6623.0;3029.5
BraTS20_Training_291;Coronal;False;0.0;0.0;0.0
BraTS20_Training_291;Axial;False;0.0;0.0;0.0
BraTS20_Training_291;Sagittal;False;0.0;0.0;0.0
BraTS20_Training_292;Coronal;False;0.0;0.0;0.0
BraTS20_Training_292;Axial;False;0.0;0.0;0.0
BraTS20_Training_292;Sagittal;False;0.0;0.0;0.0
BraTS20_Training_293;Coronal;False;0.0;0.0;0.0
BraTS20_Training_293;Axial;False;0.0;0.0;0.0
BraTS20_Training_293;Sagittal;False;0.0;0.0;0.0
BraTS20_Training_294;Coronal;False;0.0;0.0;0.0
BraTS20_Training_294;Axial;False;0.0;0.0;0.0
BraTS20_Training_294;Sagittal;False;0.0;0.0;0.0
BraTS20_Training_295;Coronal;False;0.0;0.0;0.0
BraTS20_Training_295;Axial;False;0.0;0.0;0.0
BraTS20_Training_295;Sagittal;False;0.0;0.0;0.0
BraTS20_Training_296;Coronal;False;0.0;0.0;0.0
BraTS20_Training_296;Axial;False;0.0;0.0;0.0
BraTS20_Training_296;Sagittal;False;0.0;0.0;0.0
BraTS20_Training_297;Coronal;False;0.0;0.0;0.0
BraTS20_Training_297;Axial;False;0.0;0.0;0.0
BraTS20_Training_297;Sagittal;False;0.0;0.0;0.0
BraTS20_Training_298;Coronal;False;0.0;0.0;0.0
BraTS20_Training_298;Axial;False;0.0;0.0;0.0
BraTS20_Training_298;Sagittal;False;0.0;0.0;0.0
BraTS20_Training_299;Coronal;False;0.0;0.0;0.0
BraTS20_Training_299;Axial;False;0.0;0.0;0.0
BraTS20_Training_299;Sagittal;False;0.0;0.0;0.0
BraTS20_Training_300;Coronal;False;0.0;0.0;0.0
BraTS20_Training_300;Axial;False;0.0;0.0;0.0
BraTS20_Training_300;Sagittal;False;0.0;0.0;0.0
BraTS20_Training_301;Coronal;False;0.0;0.0;0.0
BraTS20_Training_301;Axial;False;0.0;0.0;0.0
BraTS20_Training_301;Sagittal;False;0.0;0.0;0.0
BraTS20_Training_302;Coronal;False;0.0;0.0;0.0
BraTS20_Training_302;Axial;False;0.0;0.0;0.0
BraTS20_Training_302;Sagittal;False;0.0;0.0;0.0
BraTS20_Training_303;Coronal;False;0.0;0.0;0.0
BraTS20_Training_303;Axial;False;0.0;0.0;0.0
BraTS20_Training_303;Sagittal;False;0.0;0.0;0.0
BraTS20_Training_304;Coronal;False;0.0;0.0;0.0
BraTS20_Training_304;Axial;False;0.0;0.0;0.0
BraTS20_Training_304;Sagittal;False;0.0;0.0;0.0
BraTS20_Training_305;Coronal;False;0.0;0.0;0.0
BraTS20_Training_305;Axial;False;0.0;0.0;0.0
BraTS20_Training_305;Sagittal;False;0.0;0.0;0.0
BraTS20_Training_306;Coronal;False;0.0;0.0;0.0
BraTS20_Training_306;Axial;False;0.0;0.0;0.0
BraTS20_Training_306;Sagittal;False;0.0;0.0;0.0
BraTS20_Training_307;Coronal;False;0.0;0.0;0.0
BraTS20_Training_307;Axial;False;0.0;0.0;0.0
BraTS20_Training_307;Sagittal;False;0.0;0.0;0.0
BraTS20_Training_308;Coronal;False;0.0;0.0;0.0
BraTS20_Training_308;Axial;False;0.0;0.0;0.0
BraTS20_Training_308;Sagittal;False;0.0;0.0;0.0
BraTS20_Training_309;Coronal;False;0.0;0.0;0.0
BraTS20_Training_309;Axial;False;0.0;0.0;0.0
BraTS20_Training_309;Sagittal;False;0.0;0.0;0.0
BraTS20_Training_310;Coronal;False;0.0;0.0;0.0
BraTS20_Training_310;Axial;False;0.0;0.0;0.0
BraTS20_Training_310;Sagittal;False;0.0;0.0;0.0
BraTS20_Training_311;Coronal;True;0.8144054536217182;11026.5;1619.5
BraTS20_Training_311;Axial;True;0.5685992800174328;5631.0;620.5
BraTS20_Training_311;Sagittal;False;0.0;0.0;0.0
BraTS20_Training_312;Coronal;False;0.0;0.0;0.0
BraTS20_Training_312;Axial;False;0.0;0.0;0.0
BraTS20_Training_312;Sagittal;False;0.0;0.0;0.0
BraTS20_Training_313;Coronal;False;0.0;0.0;0.0
BraTS20_Training_313;Axial;False;0.0;0.0;0.0
BraTS20_Training_313;Sagittal;False;0.0;0.0;0.0
BraTS20_Training_314;Coronal;True;0.7338636210845997;5052.5;3296.5
BraTS20_Training_314;Axial;False;0.0;0.0;0.0
BraTS20_Training_314;Sagittal;False;0.0;0.0;0.0
BraTS20_Training_315;Coronal;True;4.70878743330341;17926.5;6729.0
BraTS20_Training_315;Axial;True;4.3327258821536665;11767.0;5703.5
BraTS20_Training_315;Sagittal;False;0.0;0.0;0.0
BraTS20_Training_316;Coronal;False;0.0;0.0;0.0
BraTS20_Training_316;Axial;False;0.0;0.0;0.0
BraTS20_Training_316;Sagittal;False;0.0;0.0;0.0
BraTS20_Training_317;Coronal;False;0.0;0.0;0.0
BraTS20_Training_317;Axial;False;0.0;0.0;0.0
BraTS20_Training_317;Sagittal;True;0.2696057280357151;7807.0;2980.0
BraTS20_Training_318;Coronal;False;0.0;0.0;0.0
BraTS20_Training_318;Axial;False;0.0;0.0;0.0
BraTS20_Training_318;Sagittal;True;11.173878680968947;67164.5;8733.5
BraTS20_Training_319;Coronal;False;0.0;0.0;0.0
BraTS20_Training_319;Axial;False;0.0;0.0;0.0
BraTS20_Training_319;Sagittal;False;0.0;0.0;0.0
BraTS20_Training_320;Coronal;False;0.0;0.0;0.0
BraTS20_Training_320;Axial;False;0.0;0.0;0.0
BraTS20_Training_320;Sagittal;False;0.0;0.0;0.0
BraTS20_Training_321;Coronal;False;0.0;0.0;0.0
BraTS20_Training_321;Axial;False;0.0;0.0;0.0
BraTS20_Training_321;Sagittal;False;0.0;0.0;0.0
BraTS20_Training_322;Coronal;False;0.0;0.0;0.0
BraTS20_Training_322;Axial;False;0.0;0.0;0.0
BraTS20_Training_322;Sagittal;False;0.0;0.0;0.0
BraTS20_Training_323;Coronal;False;0.0;0.0;0.0
BraTS20_Training_323;Axial;False;0.0;0.0;0.0
BraTS20_Training_323;Sagittal;False;0.0;0.0;0.0
BraTS20_Training_324;Coronal;False;0.0;0.0;0.0
BraTS20_Training_324;Axial;False;0.0;0.0;0.0
BraTS20_Training_324;Sagittal;False;0.0;0.0;0.0
BraTS20_Training_325;Coronal;False;0.0;0.0;0.0
BraTS20_Training_325;Axial;False;0.0;0.0;0.0
BraTS20_Training_325;Sagittal;False;0.0;0.0;0.0
BraTS20_Training_326;Coronal;True;0.5801660034260858;37979.0;3230.0
BraTS20_Training_326;Axial;True;7.600230875578461;26147.0;18617.0
BraTS20_Training_326;Sagittal;True;0.11419227464335663;52276.5;332.5
BraTS20_Training_327;Coronal;False;0.0;0.0;0.0
BraTS20_Training_327;Axial;False;0.0;0.0;0.0
BraTS20_Training_327;Sagittal;False;0.0;0.0;0.0
BraTS20_Training_328;Coronal;False;0.0;0.0;0.0
BraTS20_Training_328;Axial;False;0.0;0.0;0.0
BraTS20_Training_328;Sagittal;False;0.0;0.0;0.0
BraTS20_Training_329;Coronal;False;0.0;0.0;0.0
BraTS20_Training_329;Axial;False;0.0;0.0;0.0
BraTS20_Training_329;Sagittal;False;0.0;0.0;0.0
BraTS20_Training_330;Coronal;False;0.0;0.0;0.0
BraTS20_Training_330;Axial;False;0.0;0.0;0.0
BraTS20_Training_330;Sagittal;False;0.0;0.0;0.0
BraTS20_Training_331;Coronal;True;0.7168525193411093;5696.0;1090.5
BraTS20_Training_331;Axial;False;0.0;0.0;0.0
BraTS20_Training_331;Sagittal;False;0.0;0.0;0.0
BraTS20_Training_332;Coronal;True;0.1452391637600483;3317.0;1605.0
BraTS20_Training_332;Axial;True;0.0621557391916257;2501.5;1709.0
BraTS20_Training_332;Sagittal;True;0.20837193984235589;3806.5;1777.0
BraTS20_Training_333;Coronal;False;0.0;0.0;0.0
BraTS20_Training_333;Axial;False;0.0;0.0;0.0
BraTS20_Training_333;Sagittal;False;0.0;0.0;0.0
BraTS20_Training_334;Coronal;True;0.42284796392560325;11808.0;7247.0
BraTS20_Training_334;Axial;True;0.15876014828734847;6644.0;3041.5
BraTS20_Training_334;Sagittal;True;0.7194998972140181;11151.0;3374.0
BraTS20_Training_335;Coronal;False;0.0;0.0;0.0
BraTS20_Training_335;Axial;False;0.0;0.0;0.0
BraTS20_Training_335;Sagittal;False;0.0;0.0;0.0
BraTS20_Training_336;Coronal;True;0.5957223101957538;26765.0;12019.5
BraTS20_Training_336;Axial;True;0.8031991728846262;18853.0;12651.5
BraTS20_Training_336;Sagittal;True;1.81573284936528;37122.5;13397.5
BraTS20_Training_337;Coronal;True;0.10863672345273345;23432.5;17320.5
BraTS20_Training_337;Axial;True;0.19204371895233258;15496.5;11859.0
BraTS20_Training_337;Sagittal;True;0.15715090739517265;29769.0;17892.5
BraTS20_Training_338;Coronal;True;0.09619000657241339;28499.0;18705.5
BraTS20_Training_338;Axial;True;0.29894600174950803;22230.5;10592.0
BraTS20_Training_338;Sagittal;True;0.22434957887265802;33361.0;12528.5
BraTS20_Training_339;Coronal;True;0.8419966755547961;27732.0;24241.0
BraTS20_Training_339;Axial;True;0.372987854380864;17499.0;15440.0
BraTS20_Training_339;Sagittal;True;0.5230163196725826;34985.5;19000.0
BraTS20_Training_340;Coronal;True;0.45537641917680766;24444.0;12444.0
BraTS20_Training_340;Axial;True;0.09872616043336407;22759.5;17074.0
BraTS20_Training_340;Sagittal;True;1.4587065691421193;25099.5;10521.5
BraTS20_Training_341;Coronal;False;0.0;0.0;0.0
BraTS20_Training_341;Axial;True;0.28653413893615526;5100.0;3036.5
BraTS20_Training_341;Sagittal;False;0.0;0.0;0.0
BraTS20_Training_342;Coronal;False;0.0;0.0;0.0
BraTS20_Training_342;Axial;False;0.0;0.0;0.0
BraTS20_Training_342;Sagittal;True;2.1861476761749588;47319.5;6826.0
BraTS20_Training_343;Coronal;True;0.16880404766609938;23980.0;22636.5
BraTS20_Training_343;Axial;True;0.08893751728455868;19566.5;16306.5
BraTS20_Training_343;Sagittal;True;0.07046385085776466;30524.5;23214.0
BraTS20_Training_344;Coronal;False;0.0;0.0;0.0
BraTS20_Training_344;Axial;True;0.3866664355614915;8402.5;4719.0
BraTS20_Training_344;Sagittal;False;0.0;0.0;0.0
BraTS20_Training_345;Coronal;True;0.07879893953544206;7901.5;2801.0
BraTS20_Training_345;Axial;False;0.0;0.0;0.0
BraTS20_Training_345;Sagittal;False;0.0;0.0;0.0
BraTS20_Training_346;Coronal;True;88.38414957959283;25051.5;10029.0
BraTS20_Training_346;Axial;True;6.4679172811791386;19888.0;5574.0
BraTS20_Training_346;Sagittal;True;3.3031962480854355;37146.5;14286.0
BraTS20_Training_347;Coronal;True;0.13875868454775742;16963.0;11650.0
BraTS20_Training_347;Axial;True;0.3315108347520343;11707.0;5070.5
BraTS20_Training_347;Sagittal;True;0.06674173968666969;26466.5;17971.5
BraTS20_Training_348;Coronal;True;1.584596648360972;24684.0;17145.5
BraTS20_Training_348;Axial;True;0.3912189690137458;17184.0;8839.0
BraTS20_Training_348;Sagittal;True;0.342004080182412;33291.5;13458.5
BraTS20_Training_349;Coronal;True;1.005852801493191;31716.0;15384.0
BraTS20_Training_349;Axial;True;3.4883789743944003;38589.5;10445.0
BraTS20_Training_349;Sagittal;True;1.4649402966879768;41418.0;12489.5
BraTS20_Training_350;Coronal;True;0.6279275953280301;22861.0;14431.5
BraTS20_Training_350;Axial;True;0.8979860685238457;15838.5;10861.0
BraTS20_Training_350;Sagittal;True;0.14975821807951228;29204.0;19051.0
BraTS20_Training_351;Coronal;True;0.09540597810148338;13157.0;7652.5
BraTS20_Training_351;Axial;True;0.24025799731423556;9815.0;5479.5
BraTS20_Training_351;Sagittal;True;0.20717778318998603;16671.0;10781.5
BraTS20_Training_352;Coronal;True;0.26549400687990554;10041.0;6049.5
BraTS20_Training_352;Axial;False;0.0;0.0;0.0
BraTS20_Training_352;Sagittal;False;0.0;0.0;0.0
BraTS20_Training_353;Coronal;True;0.2877897190610294;8918.0;8279.5
BraTS20_Training_353;Axial;True;0.42459868424857866;8575.5;5677.5
BraTS20_Training_353;Sagittal;True;0.03743653918423728;12627.0;11116.0
BraTS20_Training_354;Coronal;False;0.0;0.0;0.0
BraTS20_Training_354;Axial;True;4.744099374791147;27913.5;6997.5
BraTS20_Training_354;Sagittal;True;1.011370222567493;40988.5;15455.5
BraTS20_Training_355;Coronal;True;0.2663617770188781;32946.0;21082.0
BraTS20_Training_355;Axial;True;0.09342889747352467;24359.0;18091.0
BraTS20_Training_355;Sagittal;True;0.019041161827860947;46363.0;32406.0
BraTS20_Training_356;Coronal;False;0.0;0.0;0.0
BraTS20_Training_356;Axial;True;0.08191689517411804;9981.0;8715.5
BraTS20_Training_356;Sagittal;True;0.11975536884898988;21348.0;14329.5
BraTS20_Training_357;Coronal;False;0.0;0.0;0.0
BraTS20_Training_357;Axial;True;16.166285885854524;14916.5;2753.0
BraTS20_Training_357;Sagittal;False;0.0;0.0;0.0
BraTS20_Training_358;Coronal;True;0.2990494260264978;11230.5;5343.0
BraTS20_Training_358;Axial;True;0.14225164592300057;9234.5;4316.0
BraTS20_Training_358;Sagittal;True;0.2817795865871354;13354.5;8064.0
BraTS20_Training_359;Coronal;True;0.3272616429425838;28234.5;13718.5
BraTS20_Training_359;Axial;True;0.10514143044403318;15860.5;10880.5
BraTS20_Training_359;Sagittal;True;1.4048881837632554;26006.0;9557.0
BraTS20_Training_360;Coronal;True;0.9497154153900627;25855.5;11746.5
BraTS20_Training_360;Axial;True;0.05022383507925354;22365.0;14994.0
BraTS20_Training_360;Sagittal;True;0.08323017856865916;23860.5;16464.5
BraTS20_Training_361;Coronal;False;0.0;0.0;0.0
BraTS20_Training_361;Axial;False;0.0;0.0;0.0
BraTS20_Training_361;Sagittal;False;0.0;0.0;0.0
BraTS20_Training_362;Coronal;False;0.0;0.0;0.0
BraTS20_Training_362;Axial;False;0.0;0.0;0.0
BraTS20_Training_362;Sagittal;False;0.0;0.0;0.0
BraTS20_Training_363;Coronal;True;0.3258853173677303;26144.0;24117.0
BraTS20_Training_363;Axial;True;0.04799710706356461;23305.0;18103.0
BraTS20_Training_363;Sagittal;True;0.7379932815751296;35555.0;16810.5
BraTS20_Training_364;Coronal;True;0.8844438252136683;20186.0;6737.0
BraTS20_Training_364;Axial;True;0.12367597421410045;18420.0;11877.5
BraTS20_Training_364;Sagittal;True;0.11549009669963023;34502.5;25233.5
BraTS20_Training_365;Coronal;True;0.05799182222229929;26243.5;21866.0
BraTS20_Training_365;Axial;True;0.010471401835748712;20838.0;19110.0
BraTS20_Training_365;Sagittal;True;0.01140172062448902;27802.0;24301.0
BraTS20_Training_366;Coronal;True;0.32857408264609134;15974.5;6716.5
BraTS20_Training_366;Axial;True;0.2812953204622133;14235.5;10239.5
BraTS20_Training_366;Sagittal;True;0.17045383861283503;27416.5;3610.0
BraTS20_Training_367;Coronal;True;0.091690407136434;12091.0;7361.0
BraTS20_Training_367;Axial;True;0.27442163581884527;11214.0;6803.0
BraTS20_Training_367;Sagittal;True;0.1153458894392802;20579.0;10987.0
BraTS20_Training_368;Coronal;False;0.0;0.0;0.0
BraTS20_Training_368;Axial;True;0.106511585669742;8267.5;5046.0
BraTS20_Training_368;Sagittal;True;0.5397357293586917;16907.5;3592.0
BraTS20_Training_369;Coronal;False;0.0;0.0;0.0
BraTS20_Training_369;Axial;True;0.029218172512237683;20528.0;11544.5
BraTS20_Training_369;Sagittal;True;0.11574269215431604;45388.5;28421.0
